"runNum","Variable","Value","Tmax","Precip","trait"
1,"Cw",564.229192595109,12,25,"Val1"
1,"Cr",45.3704072913593,12,25,"Val1"
1,"Cl",48.4150684931507,12,25,"Val1"
1,"Ccwd",0.772916553195099,12,25,"Val1"
1,"Cs1",0.59438148893405,12,25,"Val1"
1,"Cs3",85.4673226542971,12,25,"Val1"
1,"Cdoc1",1.96180613021327,12,25,"Val1"
1,"Cdoc2",0.289622832838495,12,25,"Val1"
1,"W1",8.25871124430971,12,25,"Val1"
1,"W2",3.2099777280171,12,25,"Val1"
1,"Ca",111961.164354748,12,25,"Val1"
1,"Ra",183.749599623672,12,25,"Val1"
1,"Rr",0,12,25,"Val1"
1,"Rs1",25.3829502053875,12,25,"Val1"
1,"Rs3",2.47902017360146,12,25,"Val1"
1,"LCT1",1.88808193707513,12,25,"Val1"
1,"LCT2",0.0336834083947676,12,25,"Val1"
1,"SumLdoc",1.9217653454699,12,25,"Val1"
1,"Rhdoc",28.7679530727298,12,25,"Val1"
1,"Rhdoc2",3.92658873624706,12,25,"Val1"
1,"SumRSoil",134.942659737105,12,25,"Val1"
1,"Q2",1.63856287081377,12,25,"Val1"
1,"Q1",8.49232707359661,12,25,"Val1"
1,"GPP",320.800837053245,12,25,"Val1"
1,"T",14.8731100555896,12,25,"Val1"
1,"SumD",10.1308899444104,12,25,"Val1"
1,"NPP",136.60690277705,12,25,"Val1"
1,"NEE",-1.66424303994475,12,25,"Val1"
1,"LCE/NEE",-1.15473840018805,12,25,"Val1"
1,"Cwmin",554.82255523698,12,25,"Val1"
1,"Cs4",1128.72017704818,12,25,"Val1"
1,"Ds1",80.2712200805435,12,25,"Val1"
1,"Ds3",43.6738018763457,12,25,"Val1"
1,"Ds4",41.1982864622585,12,25,"Val1"
1,"Ls1",32.1084880322174,12,25,"Val1"
1,"Ls3",0.00436738018763458,12,25,"Val1"
1,"Cs2",17.1492517424968,12,25,"Val1"
2,"Cw",3484.75556622499,12,50,"Val1"
2,"Cr",285.278723759551,12,50,"Val1"
2,"Cl",48.4150684931507,12,50,"Val1"
2,"Ccwd",4.7736340385436,12,50,"Val1"
2,"Cs1",1.25653283998493,12,50,"Val1"
2,"Cs3",165.073945573592,12,50,"Val1"
2,"Cdoc1",3.35596681688773,12,50,"Val1"
2,"Cdoc2",0.753117188584451,12,50,"Val1"
2,"W1",8.5421751845244,12,50,"Val1"
2,"W2",4.96994589030201,12,50,"Val1"
2,"Ca",459306.684872891,12,50,"Val1"
2,"Ra",213.04931919869,12,50,"Val1"
2,"Rr",0,12,50,"Val1"
2,"Rs1",57.6297670554909,12,50,"Val1"
2,"Rs3",7.29176968477926,12,50,"Val1"
2,"LCT1",7.44100734854199,12,50,"Val1"
2,"LCT2",0.831425499779655,12,50,"Val1"
2,"SumLdoc",8.27243284832165,12,50,"Val1"
2,"Rhdoc",54.0112589780086,12,50,"Val1"
2,"Rhdoc2",11.3247928942803,12,50,"Val1"
2,"SumRSoil",292.479809769483,12,50,"Val1"
2,"Q2",7.67726790928547,12,50,"Val1"
2,"Q1",18.7781248740743,12,50,"Val1"
2,"GPP",516.130889501961,12,50,"Val1"
2,"T",23.5446072166402,12,50,"Val1"
2,"SumD",26.4553927833598,12,50,"Val1"
2,"NPP",300.258130674146,12,50,"Val1"
2,"NEE",-7.77832090466364,12,50,"Val1"
2,"LCE/NEE",-1.06352424253437,12,50,"Val1"
2,"Cwmin",3471.37468311874,12,50,"Val1"
2,"Cs4",2111.13543080091,12,50,"Val1"
2,"Ds1",169.694760039965,12,50,"Val1"
2,"Ds3",84.3527861881057,12,50,"Val1"
2,"Ds4",77.0564432242332,12,50,"Val1"
2,"Ls1",67.8779040159859,12,50,"Val1"
2,"Ls3",0.00843527861881057,12,50,"Val1"
2,"Cs2",39.7423439485587,12,50,"Val1"
3,"Cw",5553.82737884361,12,75,"Val1"
3,"Cr",454.273782167097,12,75,"Val1"
3,"Cl",48.4150684931507,12,75,"Val1"
3,"Ccwd",7.60798569838558,12,75,"Val1"
3,"Cs1",1.72453414399995,12,75,"Val1"
3,"Cs3",219.024372555422,12,75,"Val1"
3,"Cdoc1",4.05453779088843,12,75,"Val1"
3,"Cdoc2",1.1011633482996,12,75,"Val1"
3,"W1",8.6764737708115,12,75,"Val1"
3,"W2",6.38597429339589,12,75,"Val1"
3,"Ca",899659.787352203,12,75,"Val1"
3,"Ra",233.807824242157,12,75,"Val1"
3,"Rr",0,12,75,"Val1"
3,"Rs1",80.7177178092546,12,75,"Val1"
3,"Rs3",12.4013327247905,12,75,"Val1"
3,"LCT1",14.5539065305961,12,75,"Val1"
3,"LCT2",2.24919934568787,12,75,"Val1"
3,"SumLdoc",16.8031058762839,12,75,"Val1"
3,"Rhdoc",67.1494658846318,12,75,"Val1"
3,"Rhdoc2",17.2893421181268,12,75,"Val1"
3,"SumRSoil",399.880620800801,12,75,"Val1"
3,"Q2",14.2951574735254,12,75,"Val1"
3,"Q1",30.9481052028225,12,75,"Val1"
3,"GPP",654.246978076025,12,75,"Val1"
3,"T",29.7567373236521,12,75,"Val1"
3,"SumD",45.2432626763479,12,75,"Val1"
3,"NPP",415.925204902773,12,75,"Val1"
3,"NEE",-16.0445841019722,12,75,"Val1"
3,"LCE/NEE",-1.04727587636369,12,75,"Val1"
3,"Cwmin",5537.25048690608,12,75,"Val1"
3,"Cs4",2726.291166049,12,75,"Val1"
3,"Ds1",232.898336147193,12,75,"Val1"
3,"Ds3",111.921454375821,12,75,"Val1"
3,"Ds4",99.5096275607883,12,75,"Val1"
3,"Ls1",93.1593344588772,12,75,"Val1"
3,"Ls3",0.0111921454375821,12,75,"Val1"
3,"Cs2",55.718328389085,12,75,"Val1"
4,"Cw",7205.34747401147,12,100,"Val1"
4,"Cr",589.265181341849,12,100,"Val1"
4,"Cl",48.4150684931507,12,100,"Val1"
4,"Ccwd",9.87034504260811,12,100,"Val1"
4,"Cs1",2.09836899296266,12,100,"Val1"
4,"Cs3",257.866169472328,12,100,"Val1"
4,"Cdoc1",4.39694652639552,12,100,"Val1"
4,"Cdoc2",1.47538442136982,12,100,"Val1"
4,"W1",8.78153450227047,12,100,"Val1"
4,"W2",7.63645853525583,12,100,"Val1"
4,"Ca",1335833.80650506,12,100,"Val1"
4,"Ra",250.376345572056,12,100,"Val1"
4,"Rr",0,12,100,"Val1"
4,"Rs1",100.752318442196,12,100,"Val1"
4,"Rs3",17.4560662045547,12,100,"Val1"
4,"LCT1",22.1206625907403,12,100,"Val1"
4,"LCT2",3.81578066009985,12,100,"Val1"
4,"SumLdoc",25.9364432508402,12,100,"Val1"
4,"Rhdoc",73.8934034498992,12,100,"Val1"
4,"Rhdoc2",23.53521810889,12,100,"Val1"
4,"SumRSoil",483.396799457132,12,100,"Val1"
4,"Q2",20.6891330860446,12,100,"Val1"
4,"Q1",44.5953006570746,12,100,"Val1"
4,"GPP",764.552962199832,12,100,"Val1"
4,"T",34.7155662568808,12,100,"Val1"
4,"SumD",65.2844337431192,12,100,"Val1"
4,"NPP",508.31881177409,12,100,"Val1"
4,"NEE",-24.9220123169576,12,100,"Val1"
4,"LCE/NEE",-1.0407042144503,12,100,"Val1"
4,"Cwmin",7186.3966667986,12,100,"Val1"
4,"Cs4",3131.47918957799,12,100,"Val1"
4,"Ds1",283.384732499607,12,100,"Val1"
4,"Ds3",131.76961260036,12,100,"Val1"
4,"Ds4",114.298990419597,12,100,"Val1"
4,"Ls1",113.353892999843,12,100,"Val1"
4,"Ls3",0.013176961260036,12,100,"Val1"
4,"Cs2",68.4779060984514,12,100,"Val1"
5,"Cw",8860.7141095759,12,125,"Val1"
5,"Cr",724.821572348735,12,125,"Val1"
5,"Cl",48.4150684931507,12,125,"Val1"
5,"Ccwd",12.1379678806599,12,125,"Val1"
5,"Cs1",2.4737570286399,12,125,"Val1"
5,"Cs3",296.959037922423,12,125,"Val1"
5,"Cdoc1",4.8089539851153,12,125,"Val1"
5,"Cdoc2",1.75611684032942,12,125,"Val1"
5,"W1",8.8714889938416,12,125,"Val1"
5,"W2",8.80981515935119,12,125,"Val1"
5,"Ca",1746342.94114286,12,125,"Val1"
5,"Ra",266.984624811459,12,125,"Val1"
5,"Rr",0,12,125,"Val1"
5,"Rs1",120.217568290988,12,125,"Val1"
5,"Rs3",23.2627424314097,12,125,"Val1"
5,"LCT1",30.0181314040947,12,125,"Val1"
5,"LCT2",5.34813112267791,12,125,"Val1"
5,"SumLdoc",35.3662625267726,12,125,"Val1"
5,"Rhdoc",81.6450929022759,12,125,"Val1"
5,"Rhdoc2",28.5671099114331,12,125,"Val1"
5,"SumRSoil",566.985841495442,12,125,"Val1"
5,"Q2",28.285304180124,12,125,"Val1"
5,"Q1",57.2390508771728,12,125,"Val1"
5,"GPP",875.298352222116,12,125,"Val1"
5,"T",39.4726449427032,12,125,"Val1"
5,"SumD",85.5243550572968,12,125,"Val1"
5,"NPP",601.096281581478,12,125,"Val1"
5,"NEE",-34.1104400860364,12,125,"Val1"
5,"LCE/NEE",-1.03681636582726,12,125,"Val1"
5,"Cwmin",8839.04119998614,12,125,"Val1"
5,"Cs4",3519.59557422635,12,125,"Val1"
5,"Ds1",334.080886717818,12,125,"Val1"
5,"Ds3",151.746068378358,12,125,"Val1"
5,"Ds4",128.465238459262,12,125,"Val1"
5,"Ls1",133.632354687127,12,125,"Val1"
5,"Ls3",0.0151746068378358,12,125,"Val1"
5,"Cs2",81.2858988923873,12,125,"Val1"
6,"Cw",9818.51689645886,12,150,"Val1"
6,"Cr",803.141812984261,12,150,"Val1"
6,"Cl",48.4150684931507,12,150,"Val1"
6,"Ccwd",13.4500275349547,12,150,"Val1"
6,"Cs1",2.69064589772746,12,150,"Val1"
6,"Cs3",322.575335900696,12,150,"Val1"
6,"Cdoc1",4.7281543499219,12,150,"Val1"
6,"Cdoc2",1.81181647900726,12,150,"Val1"
6,"W1",8.89496290500056,12,150,"Val1"
6,"W2",9.22385133446038,12,150,"Val1"
6,"Ca",2277397.82441225,12,150,"Val1"
6,"Ra",276.59422419796,12,150,"Val1"
6,"Rr",0,12,150,"Val1"
6,"Rs1",130.663956094783,12,150,"Val1"
6,"Rs3",26.823783357418,12,150,"Val1"
6,"LCT1",42.5008943409658,12,150,"Val1"
6,"LCT2",5.6579369931698,12,150,"Val1"
6,"SumLdoc",48.1588313341356,12,150,"Val1"
6,"Rhdoc",80.4354006105757,12,150,"Val1"
6,"Rhdoc2",29.9246287484958,12,150,"Val1"
6,"SumRSoil",608.049335474828,12,150,"Val1"
6,"Q2",30.8537331337048,12,150,"Val1"
6,"Q1",77.0031759367556,12,150,"Val1"
6,"GPP",939.298019373165,12,150,"Val1"
6,"T",42.1500909295396,12,150,"Val1"
6,"SumD",107.85690907046,12,150,"Val1"
6,"NPP",654.700635476659,12,150,"Val1"
6,"NEE",-46.6513000018316,12,150,"Val1"
6,"LCE/NEE",-1.03231488366337,12,150,"Val1"
6,"Cwmin",9795.2188294318,12,150,"Val1"
6,"Cs4",3780.59441964239,12,150,"Val1"
6,"Ds1",363.371728488094,12,150,"Val1"
6,"Ds3",164.835996645256,12,150,"Val1"
6,"Ds4",137.991696316947,12,150,"Val1"
6,"Ls1",145.348691395238,12,150,"Val1"
6,"Ls3",0.0164835996645256,12,150,"Val1"
6,"Cs2",88.6881049244995,12,150,"Val1"
7,"Cw",9831.36930190926,12,175,"Val1"
7,"Cr",804.19693043711,12,175,"Val1"
7,"Cl",48.4150684931507,12,175,"Val1"
7,"Ccwd",13.4676334882449,12,175,"Val1"
7,"Cs1",2.69356988451104,12,175,"Val1"
7,"Cs3",320.502207301837,12,175,"Val1"
7,"Cdoc1",4.33428643939058,12,175,"Val1"
7,"Cdoc2",1.78344918958983,12,175,"Val1"
7,"W1",8.90759453964263,12,175,"Val1"
7,"W2",9.83287710534316,12,175,"Val1"
7,"Ca",2466057.48048632,12,175,"Val1"
7,"Ra",276.722807781141,12,175,"Val1"
7,"Rr",0,12,175,"Val1"
7,"Rs1",131.736120617479,12,175,"Val1"
7,"Rs3",28.0253943709462,12,175,"Val1"
7,"LCT1",49.1174814283952,12,175,"Val1"
7,"LCT2",6.0327349545354,12,175,"Val1"
7,"SumLdoc",55.1502163829306,12,175,"Val1"
7,"Rhdoc",74.6406452271112,12,175,"Val1"
7,"Rhdoc2",29.1488676296867,12,175,"Val1"
7,"SumRSoil",602.030373802746,12,175,"Val1"
7,"Q2",35.2984337438979,12,175,"Val1"
7,"Q1",98.0221771626219,12,175,"Val1"
7,"GPP",940.156347461037,12,175,"Val1"
7,"T",41.6783890934801,12,175,"Val1"
7,"SumD",133.32061090652,12,175,"Val1"
7,"NPP",655.423251862036,12,175,"Val1"
7,"NEE",-53.3928780592902,12,175,"Val1"
7,"LCE/NEE",-1.03291334701398,12,175,"Val1"
7,"Cwmin",9808.16822752483,12,175,"Val1"
7,"Cs4",3718.65542819344,12,175,"Val1"
7,"Ds1",363.766612903216,12,175,"Val1"
7,"Ds3",163.776627931239,12,175,"Val1"
7,"Ds4",135.730923129061,12,175,"Val1"
7,"Ls1",145.506645161286,12,175,"Val1"
7,"Ls3",0.0163776627931239,12,175,"Val1"
7,"Cs2",88.7878059625335,12,175,"Val1"
8,"Cw",11066.915209281,12,200,"Val1"
8,"Cr",905.239468747815,12,200,"Val1"
8,"Cl",48.4150684931507,12,200,"Val1"
8,"Ccwd",15.160163219671,12,200,"Val1"
8,"Cs1",2.97338396396373,12,200,"Val1"
8,"Cs3",348.307704938224,12,200,"Val1"
8,"Cdoc1",4.52302709958384,12,200,"Val1"
8,"Cdoc2",2.01459249912556,12,200,"Val1"
8,"W1",8.97854261694501,12,200,"Val1"
8,"W2",10.940583126833,12,200,"Val1"
8,"Ca",2780236.28748285,12,200,"Val1"
8,"Ra",289.11895924226,12,200,"Val1"
8,"Rr",0,12,200,"Val1"
8,"Rs1",146.462126931195,12,200,"Val1"
8,"Rs3",33.9816165851404,12,200,"Val1"
8,"LCT1",57.071175128278,12,200,"Val1"
8,"LCT2",7.61702256164511,12,200,"Val1"
8,"SumLdoc",64.6881976899231,12,200,"Val1"
8,"Rhdoc",77.6872776043755,12,200,"Val1"
8,"Rhdoc2",33.1860943969188,12,200,"Val1"
8,"SumRSoil",661.90049976188,12,200,"Val1"
8,"Q2",43.3662568258808,12,200,"Val1"
8,"Q1",111.544379089448,12,200,"Val1"
8,"GPP",1022.72200221268,12,200,"Val1"
8,"T",45.093364084671,12,200,"Val1"
8,"SumD",154.910635915329,12,200,"Val1"
8,"NPP",724.579608944134,12,200,"Val1"
8,"NEE",-62.6791091822538,12,200,"Val1"
8,"LCE/NEE",-1.03205355873561,12,200,"Val1"
8,"Cwmin",11041.698890049,12,200,"Val1"
8,"Cs4",3944.67757149933,12,200,"Val1"
8,"Ds1",401.555504333301,12,200,"Val1"
8,"Ds3",177.985237223432,12,200,"Val1"
8,"Ds4",143.980731359726,12,200,"Val1"
8,"Ls1",160.622201733321,12,200,"Val1"
8,"Ls3",0.0177985237223432,12,200,"Val1"
8,"Cs2",98.3373734191004,12,200,"Val1"
9,"Cw",10942.216652349,12,225,"Val1"
9,"Cr",895.042466337526,12,225,"Val1"
9,"Cl",48.4150684931507,12,225,"Val1"
9,"Ccwd",14.9893431500868,12,225,"Val1"
9,"Cs1",2.94513923936463,12,225,"Val1"
9,"Cs3",342.960981433149,12,225,"Val1"
9,"Cdoc1",4.14112556657154,12,225,"Val1"
9,"Cdoc2",1.84446553257556,12,225,"Val1"
9,"W1",8.97016853562001,12,225,"Val1"
9,"W2",10.8302508786028,12,225,"Val1"
9,"Ca",2951239.30468595,12,225,"Val1"
9,"Ra",287.869017544729,12,225,"Val1"
9,"Rr",0,12,225,"Val1"
9,"Rs1",146.187897477926,12,225,"Val1"
9,"Rs3",33.1064713462628,12,225,"Val1"
9,"LCT1",65.3080785519978,12,225,"Val1"
9,"LCT2",6.92703626590134,12,225,"Val1"
9,"SumLdoc",72.2351148178992,12,225,"Val1"
9,"Rhdoc",71.6376812821866,12,225,"Val1"
9,"Rhdoc2",30.2860320142345,12,225,"Val1"
9,"SumRSoil",647.622838713219,12,225,"Val1"
9,"Q2",42.5922027097436,12,225,"Val1"
9,"Q1",138.038986174495,12,225,"Val1"
9,"GPP",1014.4000176521,12,225,"Val1"
9,"T",44.3698111157614,12,225,"Val1"
9,"SumD",180.631188884239,12,225,"Val1"
9,"NPP",717.599036192734,12,225,"Val1"
9,"NEE",-69.976197479515,12,225,"Val1"
9,"LCE/NEE",-1.03228122446987,12,225,"Val1"
9,"Cwmin",10916.8503635727,12,225,"Val1"
9,"Cs4",3893.81286876537,12,225,"Val1"
9,"Ds1",397.741054276194,12,225,"Val1"
9,"Ds3",175.253061512339,12,225,"Val1"
9,"Ds4",142.124169709936,12,225,"Val1"
9,"Ls1",159.096421710477,12,225,"Val1"
9,"Ls3",0.0175253061512339,12,225,"Val1"
9,"Cs2",97.3734586213715,12,225,"Val1"
10,"Cw",11825.6973964687,12,250,"Val1"
10,"Cr",967.288632400139,12,250,"Val1"
10,"Cl",48.4150684931507,12,250,"Val1"
10,"Ccwd",16.1995916304974,12,250,"Val1"
10,"Cs1",3.14521625276748,12,250,"Val1"
10,"Cs3",364.610352838963,12,250,"Val1"
10,"Cdoc1",4.09952142431685,12,250,"Val1"
10,"Cdoc2",1.9507082640136,12,250,"Val1"
10,"W1",9.00986580803324,12,250,"Val1"
10,"W2",11.4051091430236,12,250,"Val1"
10,"Ca",3256860.74310302,12,250,"Val1"
10,"Ra",296.731466642069,12,250,"Val1"
10,"Rr",0,12,250,"Val1"
10,"Rs1",156.042933881725,12,250,"Val1"
10,"Rs3",37.15297790193,12,250,"Val1"
10,"LCT1",75.2654135527278,12,250,"Val1"
10,"LCT2",7.63436464297258,12,250,"Val1"
10,"SumLdoc",82.8997781957004,12,250,"Val1"
10,"Rhdoc",71.0168567130959,12,250,"Val1"
10,"Rhdoc2",32.1986701362154,12,250,"Val1"
10,"SumRSoil",686.658658755802,12,250,"Val1"
10,"Q2",46.7572967440726,12,250,"Val1"
10,"Q1",156.677993805832,12,250,"Val1"
10,"GPP",1073.42274335771,12,250,"Val1"
10,"T",46.5627094500957,12,250,"Val1"
10,"SumD",203.435290549904,12,250,"Val1"
10,"NPP",767.048121018513,12,250,"Val1"
10,"NEE",-80.3894622627106,12,250,"Val1"
10,"LCE/NEE",-1.03122692778795,12,250,"Val1"
10,"Cwmin",11799.3269092691,12,250,"Val1"
10,"Cs4",4085.98613947868,12,250,"Val1"
10,"Ds1",424.761454936248,12,250,"Val1"
10,"Ds3",186.31589030071,12,250,"Val1"
10,"Ds4",149.138494090972,12,250,"Val1"
10,"Ls1",169.904581974499,12,250,"Val1"
10,"Ls3",0.018631589030071,12,250,"Val1"
10,"Cs2",104.201771692705,12,250,"Val1"
11,"Cw",-6707.69770702504,15,25,"Val1"
11,"Cr",-0.275047928483791,15,25,"Val1"
11,"Cl",52.8164383561644,15,25,"Val1"
11,"Ccwd",4.8963279005363e-317,15,25,"Val1"
11,"Cs1",0.484964801809185,15,25,"Val1"
11,"Cs3",62.0570940395941,15,25,"Val1"
11,"Cdoc1",1.56478087204426,15,25,"Val1"
11,"Cdoc2",0.230896982268208,15,25,"Val1"
11,"W1",8.26284240236909,15,25,"Val1"
11,"W2",2.91874681943366,15,25,"Val1"
11,"Ca",77962.419541138,15,25,"Val1"
11,"Ra",230.144056262004,15,25,"Val1"
11,"Rr",0,15,25,"Val1"
11,"Rs1",22.6953536819339,15,25,"Val1"
11,"Rs3",1.79220617483735,15,25,"Val1"
11,"LCT1",1.2815235102176,15,25,"Val1"
11,"LCT2",0.0199101068260524,15,25,"Val1"
11,"SumLdoc",1.30143361704365,15,25,"Val1"
11,"Rhdoc",23.7593499873478,15,25,"Val1"
11,"Rhdoc2",3.13667601309496,15,25,"Val1"
11,"SumRSoil",108.114324822814,15,25,"Val1"
11,"Q2",1.15430416282535,15,25,"Val1"
11,"Q1",8.47650915268303,15,25,"Val1"
11,"GPP",339.570900636241,15,25,"Val1"
11,"T",15.3661866844916,15,25,"Val1"
11,"SumD",9.63081331550838,15,25,"Val1"
11,"NPP",109.389679742212,15,25,"Val1"
11,"NEE",-1.27535491939717,15,25,"Val1"
11,"LCE/NEE",-1.02044818838257,15,25,"Val1"
11,"Cwmin",-6716.53469233906,15,25,"Val1"
11,"Cs4",819.838138662933,15,25,"Val1"
11,"Ds1",65.4944964843304,15,25,"Val1"
11,"Ds3",31.7111750542326,15,25,"Val1"
11,"Ds4",29.9240920611971,15,25,"Val1"
11,"Ls1",26.1977985937322,15,25,"Val1"
11,"Ls3",0.00317111750542326,15,25,"Val1"
11,"Cs2",13.2916279014369,15,25,"Val1"
12,"Cw",3213.06585592694,15,50,"Val1"
12,"Cr",262.992514883088,15,50,"Val1"
12,"Cl",52.8164383561644,15,50,"Val1"
12,"Ccwd",4.40145766206752,15,50,"Val1"
12,"Cs1",1.19425050962139,15,50,"Val1"
12,"Cs3",129.071540476258,15,50,"Val1"
12,"Cdoc1",2.98277251259023,15,50,"Val1"
12,"Cdoc2",0.64595288950997,15,50,"Val1"
12,"W1",8.5414815179833,15,50,"Val1"
12,"W2",4.60878723006725,15,50,"Val1"
12,"Ca",397180.305666449,15,50,"Val1"
12,"Ra",267.279758645716,15,50,"Val1"
12,"Rr",0,15,50,"Val1"
12,"Rs1",62.6766510239881,15,50,"Val1"
12,"Rs3",5.85439259393553,15,50,"Val1"
12,"LCT1",6.4106856870711,15,50,"Val1"
12,"LCT2",0.703598009544441,15,50,"Val1"
12,"SumLdoc",7.11428369661554,15,50,"Val1"
12,"Rhdoc",52.6476510155311,15,50,"Val1"
12,"Rhdoc2",10.2016113326096,15,50,"Val1"
12,"SumRSoil",278.261717609913,15,50,"Val1"
12,"Q2",6.48819596007055,15,50,"Val1"
12,"Q1",18.7971100901515,15,50,"Val1"
12,"GPP",555.177507350418,15,50,"Val1"
12,"T",24.717693949778,15,50,"Val1"
12,"SumD",25.285306050222,15,50,"Val1"
12,"NPP",284.877525132939,15,50,"Val1"
12,"NEE",-6.61580752302672,15,50,"Val1"
12,"LCE/NEE",-1.0753462327696,15,50,"Val1"
12,"Cwmin",3200.08817873135,15,50,"Val1"
12,"Cs4",1646.55676599211,15,50,"Val1"
12,"Ds1",161.283531324369,15,50,"Val1"
12,"Ds3",65.9555571833678,15,50,"Val1"
12,"Ds4",60.0993219587122,15,50,"Val1"
12,"Ls1",64.5134125297476,15,50,"Val1"
12,"Ls3",0.00659555571833677,15,50,"Val1"
12,"Cs2",37.6218182248617,15,50,"Val1"
13,"Cw",5995.42901689895,15,75,"Val1"
13,"Cr",490.435080519568,15,75,"Val1"
13,"Cl",52.8164383561644,15,75,"Val1"
13,"Ccwd",8.21291875481385,15,75,"Val1"
13,"Cs1",1.82363572641178,15,75,"Val1"
13,"Cs3",187.842317550787,15,75,"Val1"
13,"Cdoc1",3.9975852909635,15,75,"Val1"
13,"Cdoc2",1.02397335627411,15,75,"Val1"
13,"W1",8.6674907192854,15,75,"Val1"
13,"W2",5.86860352801641,15,75,"Val1"
13,"Ca",879063.218137794,15,75,"Val1"
13,"Ra",299.437514644352,15,75,"Val1"
13,"Rr",0,15,75,"Val1"
13,"Rs1",97.8980628004353,15,75,"Val1"
13,"Rs3",10.9393693995617,15,75,"Val1"
13,"LCT1",14.5209097504453,15,75,"Val1"
13,"LCT2",1.90218488902955,15,75,"Val1"
13,"SumLdoc",16.4230946394748,15,75,"Val1"
13,"Rhdoc",73.2681508559206,15,75,"Val1"
13,"Rhdoc2",17.3477705987715,15,75,"Val1"
13,"SumRSoil",424.775552149799,15,75,"Val1"
13,"Q2",11.4291812482912,15,75,"Val1"
13,"Q1",31.0386493483719,15,75,"Val1"
13,"GPP",745.510060991195,15,75,"Val1"
13,"T",32.5331694033369,15,75,"Val1"
13,"SumD",42.4678305966631,15,75,"Val1"
13,"NPP",440.441159704322,15,75,"Val1"
13,"NEE",-15.6656075545237,15,75,"Val1"
13,"LCE/NEE",-1.04835350830248,15,75,"Val1"
13,"Cwmin",5979.18226768199,15,75,"Val1"
13,"Cs4",2329.86144240978,15,75,"Val1"
13,"Ds1",246.282004851911,15,75,"Val1"
13,"Ds3",95.9874242684521,15,75,"Val1"
13,"Ds4",85.0399426479569,15,75,"Val1"
13,"Ls1",98.5128019407647,15,75,"Val1"
13,"Ls3",0.00959874242684522,15,75,"Val1"
13,"Cs2",59.1065931241131,15,75,"Val1"
14,"Cw",8216.30684521134,15,100,"Val1"
14,"Cr",671.984923461555,15,100,"Val1"
14,"Cl",52.8164383561644,15,100,"Val1"
14,"Ccwd",11.2552207802985,15,100,"Val1"
14,"Cs1",2.32601661785806,15,100,"Val1"
14,"Cs3",231.093079283285,15,100,"Val1"
14,"Cdoc1",4.67338146973266,15,100,"Val1"
14,"Cdoc2",1.34682773719063,15,100,"Val1"
14,"W1",8.77026628341198,15,100,"Val1"
14,"W2",6.7806464974447,15,100,"Val1"
14,"Ca",1328977.01519586,15,100,"Val1"
14,"Ra",325.107265584956,15,100,"Val1"
14,"Rr",0,15,100,"Val1"
14,"Rs1",127.499504516033,15,100,"Val1"
14,"Rs3",15.8394584330023,15,100,"Val1"
14,"LCT1",23.0388312539533,15,100,"Val1"
14,"LCT2",2.85961255645445,15,100,"Val1"
14,"SumLdoc",25.8984438104078,15,100,"Val1"
14,"Rhdoc",87.3344708019086,15,100,"Val1"
14,"Rhdoc2",23.4503333785937,15,100,"Val1"
14,"SumRSoil",539.729848183716,15,100,"Val1"
14,"Q2",15.5174203103555,15,100,"Val1"
14,"Q1",45.7628324885993,15,100,"Val1"
14,"GPP",897.451273051823,15,100,"Val1"
14,"T",38.7197472010452,15,100,"Val1"
14,"SumD",61.2802527989548,15,100,"Val1"
14,"NPP",564.613626239514,15,100,"Val1"
14,"NEE",-24.883778055798,15,100,"Val1"
14,"LCE/NEE",-1.04077619372487,15,100,"Val1"
14,"Cwmin",8196.95631573021,15,100,"Val1"
14,"Cs4",2800.99964136004,15,100,"Val1"
14,"Ds1",314.128544241732,15,100,"Val1"
14,"Ds3",118.088563513759,15,100,"Val1"
14,"Ds4",102.236486909641,15,100,"Val1"
14,"Ls1",125.651417696693,15,100,"Val1"
14,"Ls3",0.0118088563513759,15,100,"Val1"
14,"Cs2",76.25588730391,15,100,"Val1"
15,"Cw",9613.63554956934,15,125,"Val1"
15,"Cr",786.18255281544,15,125,"Val1"
15,"Cl",52.8164383561644,15,125,"Val1"
15,"Ccwd",13.1693726541965,15,125,"Val1"
15,"Cs1",2.64202996695337,15,125,"Val1"
15,"Cs3",257.139012461553,15,125,"Val1"
15,"Cdoc1",4.79698154617718,15,125,"Val1"
15,"Cdoc2",1.60039095621633,15,125,"Val1"
15,"W1",8.84492718360268,15,125,"Val1"
15,"W2",7.76685046726075,15,125,"Val1"
15,"Ca",1827004.28633374,15,125,"Val1"
15,"Ra",341.256806190629,15,125,"Val1"
15,"Rr",0,15,125,"Val1"
15,"Rs1",145.903671226459,15,125,"Val1"
15,"Rs3",19.9762209899187,15,125,"Val1"
15,"LCT1",32.7511888959005,15,125,"Val1"
15,"LCT2",4.36491467007288,15,125,"Val1"
15,"SumLdoc",37.1161035659734,15,125,"Val1"
15,"Rhdoc",90.3743263447244,15,125,"Val1"
15,"Rhdoc2",27.9327046682033,15,125,"Val1"
15,"SumRSoil",606.876695053564,15,125,"Val1"
15,"Q2",21.1884584255292,15,125,"Val1"
15,"Q1",61.9062516750851,15,125,"Val1"
15,"GPP",993.016717134096,15,125,"Val1"
15,"T",41.9032898993857,15,125,"Val1"
15,"SumD",83.0947101006143,15,125,"Val1"
15,"NPP",642.721861936437,15,125,"Val1"
15,"NEE",-35.8451668828733,15,125,"Val1"
15,"LCE/NEE",-1.03545629142286,15,125,"Val1"
15,"Cwmin",9592.76920917292,15,125,"Val1"
15,"Cs4",3052.23049699041,15,125,"Val1"
15,"Ds1",356.806147037054,15,125,"Val1"
15,"Ds3",131.398035367854,15,125,"Val1"
15,"Ds4",111.40641314015,15,125,"Val1"
15,"Ls1",142.722458814821,15,125,"Val1"
15,"Ls3",0.0131398035367854,15,125,"Val1"
15,"Cs2",87.0438300020581,15,125,"Val1"
16,"Cw",11133.4924308691,15,150,"Val1"
16,"Cr",910.749564170248,15,150,"Val1"
16,"Cl",52.8164383561644,15,150,"Val1"
16,"Ccwd",15.2513634504776,15,150,"Val1"
16,"Cs1",2.98672069169316,15,150,"Val1"
16,"Cs3",285.907662576023,15,150,"Val1"
16,"Cdoc1",5.01595366268896,15,150,"Val1"
16,"Cdoc2",1.71583798106486,15,150,"Val1"
16,"W1",8.87848143392387,15,150,"Val1"
16,"W2",8.45899790683717,15,150,"Val1"
16,"Ca",2304529.36014509,15,150,"Val1"
16,"Ra",358.824292584236,15,150,"Val1"
16,"Rr",0,15,150,"Val1"
16,"Rs1",166.650412924773,15,150,"Val1"
16,"Rs3",24.4272190740139,15,150,"Val1"
16,"LCT1",43.9527786025512,15,150,"Val1"
16,"LCT2",5.0183127130765,15,150,"Val1"
16,"SumLdoc",48.9710913156277,15,150,"Val1"
16,"Rhdoc",95.931067860306,15,150,"Val1"
16,"Rhdoc2",30.9379974303202,15,150,"Val1"
16,"SumRSoil",680.454280995197,15,150,"Val1"
16,"Q2",25.4032434457088,15,150,"Val1"
16,"Q1",79.1567165607649,15,150,"Val1"
16,"GPP",1097.22444324969,15,150,"Val1"
16,"T",45.4420399935262,15,150,"Val1"
16,"SumD",104.559960006474,15,150,"Val1"
16,"NPP",727.918171977578,15,150,"Val1"
16,"NEE",-47.4638909823806,15,150,"Val1"
16,"LCE/NEE",-1.03175467291138,15,150,"Val1"
16,"Cwmin",11110.3923961919,15,150,"Val1"
16,"Cs4",3332.98167909728,15,150,"Val1"
16,"Ds1",403.356629413161,15,150,"Val1"
16,"Ds3",146.098815576348,15,150,"Val1"
16,"Ds4",121.653831287051,15,150,"Val1"
16,"Ls1",161.342651765264,15,150,"Val1"
16,"Ls3",0.0146098815576348,15,150,"Val1"
16,"Cs2",98.8042311036178,15,150,"Val1"
17,"Cw",12657.0633442999,15,175,"Val1"
17,"Cr",1035.355720638,15,175,"Val1"
17,"Cl",52.8164383561644,15,175,"Val1"
17,"Ccwd",17.3384480318214,15,175,"Val1"
17,"Cs1",3.33152207437489,15,175,"Val1"
17,"Cs3",311.990234852517,15,175,"Val1"
17,"Cdoc1",5.12563906161946,15,175,"Val1"
17,"Cdoc2",2.04202060149342,15,175,"Val1"
17,"W1",8.94347274596729,15,175,"Val1"
17,"W2",9.52683488783113,15,175,"Val1"
17,"Ca",2747049.11116204,15,175,"Val1"
17,"Ra",376.435340389244,15,175,"Val1"
17,"Rr",0,15,175,"Val1"
17,"Rs1",187.587910488307,15,175,"Val1"
17,"Rs3",29.9737787769452,15,175,"Val1"
17,"LCT1",53.8635878143441,15,175,"Val1"
17,"LCT2",7.04232661545461,15,175,"Val1"
17,"SumLdoc",60.9059144297987,15,175,"Val1"
17,"Rhdoc",98.7434189818861,15,175,"Val1"
17,"Rhdoc2",36.6147451521078,15,175,"Val1"
17,"SumRSoil",753.995183412381,15,175,"Val1"
17,"Q2",33.3375085579341,15,175,"Val1"
17,"Q1",92.7428902510739,15,175,"Val1"
17,"GPP",1201.50997622518,15,175,"Val1"
17,"T",48.9176011909919,15,175,"Val1"
17,"SumD",126.080398809008,15,175,"Val1"
17,"NPP",813.142096228408,15,175,"Val1"
17,"NEE",-59.1469128160262,15,175,"Val1"
17,"LCE/NEE",-1.02973953381546,15,175,"Val1"
17,"Cwmin",12631.5451617574,15,175,"Val1"
17,"Cs4",3546.10960945036,15,175,"Val1"
17,"Ds1",449.922056144328,15,175,"Val1"
17,"Ds3",159.427010009636,15,175,"Val1"
17,"Ds4",129.433000744938,15,175,"Val1"
17,"Ls1",179.968822457731,15,175,"Val1"
17,"Ls3",0.0159427010009636,15,175,"Val1"
17,"Cs2",110.573326201917,15,175,"Val1"
18,"Cw",13146.843067751,15,200,"Val1"
18,"Cr",1075.41771470083,15,200,"Val1"
18,"Cl",52.8164383561644,15,200,"Val1"
18,"Ccwd",18.0093794095808,15,200,"Val1"
18,"Cs1",3.44238711254177,15,200,"Val1"
18,"Cs3",321.743092618472,15,200,"Val1"
18,"Cdoc1",4.86053567210756,15,200,"Val1"
18,"Cdoc2",1.91306519975521,15,200,"Val1"
18,"W1",8.94125963874255,15,200,"Val1"
18,"W2",9.60288744472482,15,200,"Val1"
18,"Ca",3204788.1952045,15,200,"Val1"
18,"Ra",382.094755810394,15,200,"Val1"
18,"Rr",0,15,200,"Val1"
18,"Rs1",194.47343486526,15,200,"Val1"
18,"Rs3",31.0017709868171,15,200,"Val1"
18,"LCT1",67.7384521977274,15,200,"Val1"
18,"LCT2",6.67728193947358,15,200,"Val1"
18,"SumLdoc",74.415734137201,15,200,"Val1"
18,"Rhdoc",93.9418485810192,15,200,"Val1"
18,"Rhdoc2",34.6431316995629,15,200,"Val1"
18,"SumRSoil",768.137673303452,15,200,"Val1"
18,"Q2",33.7919958797035,15,200,"Val1"
18,"Q1",117.213850073458,15,200,"Val1"
18,"GPP",1235.01930095846,15,200,"Val1"
18,"T",48.9911540468381,15,200,"Val1"
18,"SumD",151.005845953162,15,200,"Val1"
18,"NPP",840.544214490119,15,200,"Val1"
18,"NEE",-72.4065411866676,15,200,"Val1"
18,"LCE/NEE",-1.02774877680393,15,200,"Val1"
18,"Cwmin",13121.0474519192,15,200,"Val1"
18,"Cs4",3654.4594238551,15,200,"Val1"
18,"Ds1",464.894379548766,15,200,"Val1"
18,"Ds3",164.410720328039,15,200,"Val1"
18,"Ds4",133.387768970711,15,200,"Val1"
18,"Ls1",185.957751819507,15,200,"Val1"
18,"Ls3",0.0164410720328039,15,200,"Val1"
18,"Cs2",114.357328835937,15,200,"Val1"
19,"Cw",13797.8198300511,15,225,"Val1"
19,"Cr",1128.67120069258,15,225,"Val1"
19,"Cl",52.8164383561644,15,225,"Val1"
19,"Ccwd",18.901128588171,15,225,"Val1"
19,"Cs1",3.58974939296923,15,225,"Val1"
19,"Cs3",331.457909629838,15,225,"Val1"
19,"Cdoc1",4.76871578484291,15,225,"Val1"
19,"Cdoc2",2.06655047512576,15,225,"Val1"
19,"W1",8.98289733205378,15,225,"Val1"
19,"W2",10.2428647676651,15,225,"Val1"
19,"Ca",3378529.73917239,15,225,"Val1"
19,"Ra",389.618880596294,15,225,"Val1"
19,"Rr",0,15,225,"Val1"
19,"Rs1",203.744975822733,15,225,"Val1"
19,"Rs3",33.7348410810773,15,225,"Val1"
19,"LCT1",74.6259990367414,15,225,"Val1"
19,"LCT2",7.72733742920295,15,225,"Val1"
19,"SumLdoc",82.3533364659444,15,225,"Val1"
19,"Rhdoc",92.7665387713874,15,225,"Val1"
19,"Rhdoc2",36.7527323814683,15,225,"Val1"
19,"SumRSoil",796.873353937552,15,225,"Val1"
19,"Q2",38.272912803955,15,225,"Val1"
19,"Q1",137.131020917139,15,225,"Val1"
19,"GPP",1279.58145473589,15,225,"Val1"
19,"T",49.5920662789061,15,225,"Val1"
19,"SumD",175.403933721094,15,225,"Val1"
19,"NPP",876.967397283571,15,225,"Val1"
19,"NEE",-80.0940433460196,15,225,"Val1"
19,"LCE/NEE",-1.02820800431019,15,225,"Val1"
19,"Cwmin",13771.1858841425,15,225,"Val1"
19,"Cs4",3715.56409254711,15,225,"Val1"
19,"Ds1",484.795655520495,15,225,"Val1"
19,"Ds3",169.374991820847,15,225,"Val1"
19,"Ds4",135.618089377969,15,225,"Val1"
19,"Ls1",193.918262208198,15,225,"Val1"
19,"Ls3",0.0169374991820847,15,225,"Val1"
19,"Cs2",119.386979356012,15,225,"Val1"
20,"Cw",14356.015771715,15,250,"Val1"
20,"Cr",1174.31865418247,15,250,"Val1"
20,"Cl",52.8164383561644,15,250,"Val1"
20,"Ccwd",19.665781093237,15,250,"Val1"
20,"Cs1",3.71606152690162,15,250,"Val1"
20,"Cs3",345.514672900069,15,250,"Val1"
20,"Cdoc1",4.66276460169764,15,250,"Val1"
20,"Cdoc2",1.88924837482028,15,250,"Val1"
20,"W1",8.98283849013957,15,250,"Val1"
20,"W2",10.4230898473187,15,250,"Val1"
20,"Ca",3698011.78087755,15,250,"Val1"
20,"Ra",396.071084622772,15,250,"Val1"
20,"Rr",0,15,250,"Val1"
20,"Rs1",209.85195213378,15,250,"Val1"
20,"Rs3",36.1076571872546,15,250,"Val1"
20,"LCT1",87.4130124272035,15,250,"Val1"
20,"LCT2",7.00820672665575,15,250,"Val1"
20,"SumLdoc",94.4212191538592,15,250,"Val1"
20,"Rhdoc",90.9370813453713,15,250,"Val1"
20,"Rhdoc2",34.1549777068857,15,250,"Val1"
20,"SumRSoil",816.276711209252,15,250,"Val1"
20,"Q2",39.5889315135967,15,250,"Val1"
20,"Q1",160.515903465191,15,250,"Val1"
20,"GPP",1317.7853758311,15,250,"Val1"
20,"T",49.8951650212122,15,250,"Val1"
20,"SumD",200.104834978788,15,250,"Val1"
20,"NPP",908.187747524334,15,250,"Val1"
20,"NEE",-91.9110363150812,15,250,"Val1"
20,"LCE/NEE",-1.02731100572267,15,250,"Val1"
20,"Cwmin",14328.4758330272,15,250,"Val1"
20,"Cs4",3847.31578217465,15,250,"Val1"
20,"Ds1",501.854109208064,15,250,"Val1"
20,"Ds3",176.557997851935,15,250,"Val1"
20,"Ds4",140.427026049375,15,250,"Val1"
20,"Ls1",200.741643683226,15,250,"Val1"
20,"Ls3",0.0176557997851935,15,250,"Val1"
20,"Cs2",123.698481486975,15,250,"Val1"
21,"Cw",-12448.4385583841,18,25,"Val1"
21,"Cr",-8660.19250767596,18,25,"Val1"
21,"Cl",54.8876712328768,18,25,"Val1"
21,"Ccwd",4.8963279005363e-317,18,25,"Val1"
21,"Cs1",0.465938875631215,18,25,"Val1"
21,"Cs3",53.898860910119,18,25,"Val1"
21,"Cdoc1",1.43402436512365,18,25,"Val1"
21,"Cdoc2",0.194440344702388,18,25,"Val1"
21,"W1",8.26606818537309,18,25,"Val1"
21,"W2",2.81143398280246,18,25,"Val1"
21,"Ca",84842.4364193166,18,25,"Val1"
21,"Ra",284.689336124674,18,25,"Val1"
21,"Rr",0,18,25,"Val1"
21,"Rs1",23.8038984912574,18,25,"Val1"
21,"Rs3",1.66021607763726,18,25,"Val1"
21,"LCT1",1.41105196688866,18,25,"Val1"
21,"LCT2",0.0140107279731385,18,25,"Val1"
21,"SumLdoc",1.4250626948618,18,25,"Val1"
21,"Rhdoc",22.951438637515,18,25,"Val1"
21,"Rhdoc2",2.72426216512045,18,25,"Val1"
21,"SumRSoil",103.70733168296,18,25,"Val1"
21,"Q2",0.925355136829004,18,25,"Val1"
21,"Q1",8.46462731517387,18,25,"Val1"
21,"GPP",340.550070904172,18,25,"Val1"
21,"T",15.6090175479971,18,25,"Val1"
21,"SumD",9.38998245200287,18,25,"Val1"
21,"NPP",55.8607347794987,18,25,"Val1"
21,"NEE",47.846596903461,18,25,"Val1"
21,"LCE/NEE",0.0297839927411581,18,25,"Val1"
21,"Cwmin",-12454.758705346,18,25,"Val1"
21,"Cs4",709.224020186394,18,25,"Val1"
21,"Ds1",62.9250451539955,18,25,"Val1"
21,"Ds3",27.5423179250708,18,25,"Val1"
21,"Ds4",25.8866767368034,18,25,"Val1"
21,"Ls1",25.1700180615982,18,25,"Val1"
21,"Ls3",0.00275423179250708,18,25,"Val1"
21,"Cs2",12.770176591374,18,25,"Val1"
22,"Cw",2634.77706159268,18,50,"Val1"
22,"Cr",215.694070858394,18,50,"Val1"
22,"Cl",54.8876712328768,18,50,"Val1"
22,"Ccwd",3.60928086321549,18,50,"Val1"
22,"Cs1",1.06345933708838,18,50,"Val1"
22,"Cs3",101.384296370145,18,50,"Val1"
22,"Cdoc1",2.56390485321438,18,50,"Val1"
22,"Cdoc2",0.495675665080728,18,50,"Val1"
22,"W1",8.53550541859163,18,50,"Val1"
22,"W2",4.41530061389547,18,50,"Val1"
22,"Ca",325810.723615925,18,50,"Val1"
22,"Ra",319.930494577658,18,50,"Val1"
22,"Rr",0,18,50,"Val1"
22,"Rs1",60.1195036886754,18,50,"Val1"
22,"Rs3",4.92764243997045,18,50,"Val1"
22,"LCT1",5.29888171388664,18,50,"Val1"
22,"LCT2",0.498927067100708,18,50,"Val1"
22,"SumLdoc",5.79780878098734,18,50,"Val1"
22,"Rhdoc",48.3604927992798,18,50,"Val1"
22,"Rhdoc2",8.15174046564194,18,50,"Val1"
22,"SumRSoil",247.248609492435,18,50,"Val1"
22,"Q2",5.50975657634235,18,50,"Val1"
22,"Q1",18.8293366718429,18,50,"Val1"
22,"GPP",575.334529070855,18,50,"Val1"
22,"T",25.6569067518148,18,50,"Val1"
22,"SumD",24.3390932481853,18,50,"Val1"
22,"NPP",252.548109976909,18,50,"Val1"
22,"NEE",-5.29950048447395,18,50,"Val1"
22,"LCE/NEE",-1.09402929539742,18,50,"Val1"
22,"Cwmin",2623.00344377076,18,50,"Val1"
22,"Cs4",1284.38757010439,18,50,"Val1"
22,"Ds1",143.620183473786,18,50,"Val1"
22,"Ds3",51.8073754451439,18,50,"Val1"
22,"Ds4",46.8801463088104,18,50,"Val1"
22,"Ls1",57.4480733895144,18,50,"Val1"
22,"Ls3",0.00518073754451439,18,50,"Val1"
22,"Cs2",33.156975187837,18,50,"Val1"
23,"Cw",5365.81298938675,18,75,"Val1"
23,"Cr",438.866136955478,18,75,"Val1"
23,"Cl",54.8876712328768,18,75,"Val1"
23,"Ccwd",7.35043230386475,18,75,"Val1"
23,"Cs1",1.68058700326434,18,75,"Val1"
23,"Cs3",149.272724217986,18,75,"Val1"
23,"Cdoc1",3.51127903830568,18,75,"Val1"
23,"Cdoc2",0.836462000921491,18,75,"Val1"
23,"W1",8.65807028058845,18,75,"Val1"
23,"W2",5.5453703840691,18,75,"Val1"
23,"Ca",727212.621673667,18,75,"Val1"
23,"Ra",356.462314069173,18,75,"Val1"
23,"Rr",0,18,75,"Val1"
23,"Rs1",97.7767657567896,18,75,"Val1"
23,"Rs3",9.24484394587589,18,75,"Val1"
23,"LCT1",12.0776023202931,18,75,"Val1"
23,"LCT2",1.4730894462104,18,75,"Val1"
23,"SumLdoc",13.5506917665035,18,75,"Val1"
23,"Rhdoc",70.3894148211867,18,75,"Val1"
23,"Rhdoc2",14.7283666304574,18,75,"Val1"
23,"SumRSoil",392.303140361454,18,75,"Val1"
23,"Q2",10.0557269425001,18,75,"Val1"
23,"Q1",31.6831617573346,18,75,"Val1"
23,"GPP",767.393658202151,18,75,"Val1"
23,"T",33.2631113001653,18,75,"Val1"
23,"SumD",41.7388886998347,18,75,"Val1"
23,"NPP",405.091933498208,18,75,"Val1"
23,"NEE",-12.7887931367541,18,75,"Val1"
23,"LCE/NEE",-1.0595754909476,18,75,"Val1"
23,"Cwmin",5350.66545082017,18,75,"Val1"
23,"Cs4",1836.39782135059,18,75,"Val1"
23,"Ds1",226.963274790849,18,75,"Val1"
23,"Ds3",76.278362075391,18,75,"Val1"
23,"Ds4",67.0285204792965,18,75,"Val1"
23,"Ls1",90.7853099163397,18,75,"Val1"
23,"Ls3",0.00762783620753911,18,75,"Val1"
23,"Cs2",54.2276799426964,18,75,"Val1"
24,"Cw",8193.03859526752,18,100,"Val1"
24,"Cr",670.162732535811,18,100,"Val1"
24,"Cl",54.8876712328768,18,100,"Val1"
24,"Ccwd",11.2233445938981,18,100,"Val1"
24,"Cs1",2.32044376416271,18,100,"Val1"
24,"Cs3",194.635887045771,18,100,"Val1"
24,"Cdoc1",4.34468200043121,18,100,"Val1"
24,"Cdoc2",1.21795827869072,18,100,"Val1"
24,"W1",8.79888671076038,18,100,"Val1"
24,"W2",6.77013625918588,18,100,"Val1"
24,"Ca",1231687.70453087,18,100,"Val1"
24,"Ra",394.280322506587,18,100,"Val1"
24,"Rr",0,18,100,"Val1"
24,"Rs1",138.293354498358,18,100,"Val1"
24,"Rs3",14.8978328130961,18,100,"Val1"
24,"LCT1",20.9827264022569,18,100,"Val1"
24,"LCT2",2.82779847282709,18,100,"Val1"
24,"SumLdoc",23.810524875084,18,100,"Val1"
24,"Rhdoc",89.9465123964112,18,100,"Val1"
24,"Rhdoc2",22.5985688004731,18,100,"Val1"
24,"SumRSoil",540.448280682822,18,100,"Val1"
24,"Q2",15.0695837615656,18,100,"Val1"
24,"Q1",43.9904542122007,18,100,"Val1"
24,"GPP",966.457082178729,18,100,"Val1"
24,"T",40.9389620262337,18,100,"Val1"
24,"SumD",59.0600379737663,18,100,"Val1"
24,"NPP",563.247847908506,18,100,"Val1"
24,"NEE",-22.7995672256834,18,100,"Val1"
24,"LCE/NEE",-1.04434108943357,18,100,"Val1"
24,"Cwmin",8174.39877755912,18,100,"Val1"
24,"Cs4",2316.48145249556,18,100,"Val1"
24,"Ds1",313.375930350174,18,100,"Val1"
24,"Ds3",99.4589382803892,18,100,"Val1"
24,"Ds4",84.5515730160882,18,100,"Val1"
24,"Ls1",125.35037214007,18,100,"Val1"
24,"Ls3",0.00994589382803892,18,100,"Val1"
24,"Cs2",76.0677307850118,18,100,"Val1"
25,"Cw",10027.1870270365,18,125,"Val1"
25,"Cr",820.097651860864,18,125,"Val1"
25,"Cl",54.8876712328768,18,125,"Val1"
25,"Ccwd",13.7358797127164,18,125,"Val1"
25,"Cs1",2.73522232093655,18,125,"Val1"
25,"Cs3",223.087390911408,18,125,"Val1"
25,"Cdoc1",4.65039427621669,18,125,"Val1"
25,"Cdoc2",1.47098421321136,18,125,"Val1"
25,"W1",8.84320624189777,18,125,"Val1"
25,"W2",7.55410208006239,18,125,"Val1"
25,"Ca",1731960.39052793,18,125,"Val1"
25,"Ra",418.816103551515,18,125,"Val1"
25,"Rr",0,18,125,"Val1"
25,"Rs1",165.156862216498,18,125,"Val1"
25,"Rs3",18.954733645142,18,125,"Val1"
25,"LCT1",31.0425591288666,18,125,"Val1"
25,"LCT2",4.0351512978481,18,125,"Val1"
25,"SumLdoc",35.0777104267147,18,125,"Val1"
25,"Rhdoc",98.1049413515117,18,125,"Val1"
25,"Rhdoc2",27.69137058425,18,125,"Val1"
25,"SumRSoil",631.96010034148,18,125,"Val1"
25,"Q2",19.6201943059316,18,125,"Val1"
25,"Q1",60.6290572632621,18,125,"Val1"
25,"GPP",1095.53028732199,18,125,"Val1"
25,"T",44.7537484308063,18,125,"Val1"
25,"SumD",80.2492515691937,18,125,"Val1"
25,"NPP",665.770457540985,18,125,"Val1"
25,"NEE",-33.810357199505,18,125,"Val1"
25,"LCE/NEE",-1.03748417148424,18,125,"Val1"
25,"Cwmin",10006.104148586,18,125,"Val1"
25,"Cs4",2603.57328859275,18,125,"Val1"
25,"Ds1",369.391774442481,18,125,"Val1"
25,"Ds3",113.997656755729,18,125,"Val1"
25,"Ds4",95.0304250336356,18,125,"Val1"
25,"Ls1",147.756709776992,18,125,"Val1"
25,"Ls3",0.0113997656755729,18,125,"Val1"
25,"Cs2",90.2274415799742,18,125,"Val1"
26,"Cw",12179.3875880597,18,150,"Val1"
26,"Cr",996.019570138997,18,150,"Val1"
26,"Cl",54.8876712328768,18,150,"Val1"
26,"Ccwd",16.684103492383,18,150,"Val1"
26,"Cs1",3.22189853086621,18,150,"Val1"
26,"Cs3",259.346590348962,18,150,"Val1"
26,"Cdoc1",5.24275698098886,18,150,"Val1"
26,"Cdoc2",1.74129035914218,18,150,"Val1"
26,"W1",8.90137405010993,18,150,"Val1"
26,"W2",8.5237242821007,18,150,"Val1"
26,"Ca",2151760.80732156,18,150,"Val1"
26,"Ra",447.603317589623,18,150,"Val1"
26,"Rr",0,18,150,"Val1"
26,"Rs1",195.01696678214,18,150,"Val1"
26,"Rs3",24.9055255506906,18,150,"Val1"
26,"LCT1",39.980154346252,18,150,"Val1"
26,"LCT2",5.52209568736452,18,150,"Val1"
26,"SumLdoc",45.5022500336166,18,150,"Val1"
26,"Rhdoc",110.690081534506,18,150,"Val1"
26,"Rhdoc2",33.406885145029,18,150,"Val1"
26,"SumRSoil",742.087445916497,18,150,"Val1"
26,"Q2",25.8850084008719,18,150,"Val1"
26,"Q1",74.7261068794646,18,150,"Val1"
26,"GPP",1246.94817456283,18,150,"Val1"
26,"T",49.3888847196635,18,150,"Val1"
26,"SumD",100.611115280336,18,150,"Val1"
26,"NPP",786.064173397825,18,150,"Val1"
26,"NEE",-43.9767274813279,18,150,"Val1"
26,"LCE/NEE",-1.03468931500045,18,150,"Val1"
26,"Cwmin",12155.9269387981,18,150,"Val1"
26,"Cs4",2948.06702611525,18,150,"Val1"
26,"Ds1",435.117396593481,18,150,"Val1"
26,"Ds3",132.52610766832,18,150,"Val1"
26,"Ds4",107.604446453207,18,150,"Val1"
26,"Ls1",174.046958637392,18,150,"Val1"
26,"Ls3",0.013252610766832,18,150,"Val1"
26,"Cs2",106.841779217321,18,150,"Val1"
27,"Cw",12927.4418868887,18,175,"Val1"
27,"Cr",1057.17679072744,18,175,"Val1"
27,"Cl",54.8876712328768,18,175,"Val1"
27,"Ccwd",17.7088364910323,18,175,"Val1"
27,"Cs1",3.39107975528219,18,175,"Val1"
27,"Cs3",267.729249652213,18,175,"Val1"
27,"Cdoc1",4.95071532628536,18,175,"Val1"
27,"Cdoc2",1.80602534761911,18,175,"Val1"
27,"W1",8.93528115649851,18,175,"Val1"
27,"W2",9.00604606058865,18,175,"Val1"
27,"Ca",2641279.74374365,18,175,"Val1"
27,"Ra",457.611385468624,18,175,"Val1"
27,"Rr",0,18,175,"Val1"
27,"Rs1",206.908147545774,18,175,"Val1"
27,"Rs3",27.0055130094319,18,175,"Val1"
27,"LCT1",52.5940417872935,18,175,"Val1"
27,"LCT2",6.08899458744174,18,175,"Val1"
27,"SumLdoc",58.6830363747353,18,175,"Val1"
27,"Rhdoc",106.628522347264,18,175,"Val1"
27,"Rhdoc2",34.4361847481806,18,175,"Val1"
27,"SumRSoil",770.976399802338,18,175,"Val1"
27,"Q2",29.3397936803834,18,175,"Val1"
27,"Q1",95.8274215990158,18,175,"Val1"
27,"GPP",1299.60757264767,18,175,"Val1"
27,"T",49.8367847206009,18,175,"Val1"
27,"SumD",125.167215279399,18,175,"Val1"
27,"NPP",827.881497522456,18,175,"Val1"
27,"NEE",-56.9050977201179,18,175,"Val1"
27,"LCE/NEE",-1.03124392586692,18,175,"Val1"
27,"Cwmin",12902.7929230474,18,175,"Val1"
27,"Cs4",3007.86646584363,18,175,"Val1"
27,"Ds1",457.965320950859,18,175,"Val1"
27,"Ds3",136.809646572281,18,175,"Val1"
27,"Ds4",109.787126003293,18,175,"Val1"
27,"Ls1",183.186128380344,18,175,"Val1"
27,"Ls3",0.0136809646572281,18,175,"Val1"
27,"Cs2",112.617190259429,18,175,"Val1"
28,"Cw",13978.0836178141,18,200,"Val1"
28,"Cr",1143.06201311977,18,200,"Val1"
28,"Cl",54.8876712328768,18,200,"Val1"
28,"Ccwd",19.1480734895498,18,200,"Val1"
28,"Cs1",3.62865816326018,18,200,"Val1"
28,"Cs3",283.657707996041,18,200,"Val1"
28,"Cdoc1",4.8818640543555,18,200,"Val1"
28,"Cdoc2",1.88188350293014,18,200,"Val1"
28,"W1",8.95499459691764,18,200,"Val1"
28,"W2",9.46011955178629,18,200,"Val1"
28,"Ca",3065333.30708247,18,200,"Val1"
28,"Ra",471.67059174563,18,200,"Val1"
28,"Rr",0,18,200,"Val1"
28,"Rs1",222.091718783754,18,200,"Val1"
28,"Rs3",30.177964338676,18,200,"Val1"
28,"LCT1",64.5202647188395,18,200,"Val1"
28,"LCT2",6.68451887030864,18,200,"Val1"
28,"SumLdoc",71.2047835891481,18,200,"Val1"
28,"Rhdoc",106.583976946587,18,200,"Val1"
28,"Rhdoc2",36.1094900708918,18,200,"Val1"
28,"SumRSoil",817.432052015247,18,200,"Val1"
28,"Q2",32.785519586755,18,200,"Val1"
28,"Q1",116.11426128215,18,200,"Val1"
28,"GPP",1373.58800109267,18,200,"Val1"
28,"T",51.1022191310947,18,200,"Val1"
28,"SumD",148.899780868905,18,200,"Val1"
28,"NPP",886.605083193319,18,200,"Val1"
28,"NEE",-69.1730311780716,18,200,"Val1"
28,"LCE/NEE",-1.029372030927,18,200,"Val1"
28,"Cwmin",13951.2124589979,18,200,"Val1"
28,"Cs4",3143.90619105091,18,200,"Val1"
28,"Ds1",490.050284948288,18,200,"Val1"
28,"Ds3",144.949088785977,18,200,"Val1"
28,"Ds4",114.752575973358,18,200,"Val1"
28,"Ls1",196.020113979315,18,200,"Val1"
28,"Ls3",0.0144949088785977,18,200,"Val1"
28,"Cs2",120.72775082503,18,200,"Val1"
29,"Cw",15596.4127178547,18,225,"Val1"
29,"Cr",1275.8281501134,18,225,"Val1"
29,"Cl",54.8876712328768,18,225,"Val1"
29,"Ccwd",21.364954475375,18,225,"Val1"
29,"Cs1",3.99594770258646,18,225,"Val1"
29,"Cs3",312.561537442571,18,225,"Val1"
29,"Cdoc1",4.6644600243176,18,225,"Val1"
29,"Cdoc2",1.73579960966862,18,225,"Val1"
29,"W1",8.96738308675295,18,225,"Val1"
29,"W2",9.76280446828592,18,225,"Val1"
29,"Ca",4004752.93633869,18,225,"Val1"
29,"Ra",493.312570053879,18,225,"Val1"
29,"Rr",0,18,225,"Val1"
29,"Rs1",244.907167775049,18,225,"Val1"
29,"Rs3",34.8632126269313,18,225,"Val1"
29,"LCT1",89.859689681556,18,225,"Val1"
29,"LCT2",6.25425479610762,18,225,"Val1"
29,"SumLdoc",96.1139444776636,18,225,"Val1"
29,"Rhdoc",104.093830274702,18,225,"Val1"
29,"Rhdoc2",35.4292931882528,18,225,"Val1"
29,"SumRSoil",883.534674919225,18,225,"Val1"
29,"Q2",34.7689682272404,18,225,"Val1"
29,"Q1",136.899723019024,18,225,"Val1"
29,"GPP",1487.73836076139,18,225,"Val1"
29,"T",53.3293087537358,18,225,"Val1"
29,"SumD",171.668691246264,18,225,"Val1"
29,"NPP",977.388835047741,18,225,"Val1"
29,"NEE",-93.8541601285161,18,225,"Val1"
29,"LCE/NEE",-1.02407761516435,18,225,"Val1"
29,"Cwmin",15568.4147022049,18,225,"Val1"
29,"Cs4",3420.14021307452,18,225,"Val1"
29,"Ds1",539.652737234301,18,225,"Val1"
29,"Ds3",159.718945633154,18,225,"Val1"
29,"Ds4",124.83511777722,18,225,"Val1"
29,"Ls1",215.86109489372,18,225,"Val1"
29,"Ls3",0.0159718945633154,18,225,"Val1"
29,"Cs2",133.257405369839,18,225,"Val1"
30,"Cw",16872.309113194,18,250,"Val1"
30,"Cr",1380.19860692199,18,250,"Val1"
30,"Cl",54.8876712328768,18,250,"Val1"
30,"Ccwd",23.1127582395563,18,250,"Val1"
30,"Cs1",4.28466447071579,18,250,"Val1"
30,"Cs3",329.391512691634,18,250,"Val1"
30,"Cdoc1",5.30045330636079,18,250,"Val1"
30,"Cdoc2",2.16504735775313,18,250,"Val1"
30,"W1",9.01344964820435,18,250,"Val1"
30,"W2",10.555801025408,18,250,"Val1"
30,"Ca",3724617.97771365,18,250,"Val1"
30,"Ra",510.384130745072,18,250,"Val1"
30,"Rr",0,18,250,"Val1"
30,"Rs1",263.418702493809,18,250,"Val1"
30,"Rs3",39.399561260556,18,250,"Val1"
30,"LCT1",86.3722669993334,18,250,"Val1"
30,"LCT2",8.40494895020327,18,250,"Val1"
30,"SumLdoc",94.7772159495366,18,250,"Val1"
30,"Rhdoc",115.950279702146,18,250,"Val1"
30,"Rhdoc2",42.0518567126203,18,250,"Val1"
30,"SumRSoil",956.485602389552,18,250,"Val1"
30,"Q2",40.5645840372856,18,250,"Val1"
30,"Q1",154.989600672839,18,250,"Val1"
30,"GPP",1577.61037155655,18,250,"Val1"
30,"T",54.443815289875,18,250,"Val1"
30,"SumD",195.554184710125,18,250,"Val1"
30,"NPP",1048.75239096156,18,250,"Val1"
30,"NEE",-92.2667885720065,18,250,"Val1"
30,"LCE/NEE",-1.02720835325889,18,250,"Val1"
30,"Cwmin",16841.9309352352,18,250,"Val1"
30,"Cs4",3531.43592816266,18,250,"Val1"
30,"Ds1",578.643936770167,18,250,"Val1"
30,"Ds3",168.319062985425,18,250,"Val1"
30,"Ds4",128.897411377937,18,250,"Val1"
30,"Ls1",231.457574708067,18,250,"Val1"
30,"Ls3",0.0168319062985425,18,250,"Val1"
30,"Cs2",143.11238767659,18,250,"Val1"
31,"Cw",-18524.0711787767,21,25,"Val1"
31,"Cr",-17979.1114287076,21,25,"Val1"
31,"Cl",57.2178082191781,21,25,"Val1"
31,"Ccwd",4.8963279005363e-317,21,25,"Val1"
31,"Cs1",0.465678738483739,21,25,"Val1"
31,"Cs3",47.4266109905187,21,25,"Val1"
31,"Cdoc1",1.36966951804619,21,25,"Val1"
31,"Cdoc2",0.170911490046459,21,25,"Val1"
31,"W1",8.26623254586099,21,25,"Val1"
31,"W2",2.65114831801037,21,25,"Val1"
31,"Ca",74416.7444393619,21,25,"Val1"
31,"Ra",349.233850034985,21,25,"Val1"
31,"Rr",0,21,25,"Val1"
31,"Rs1",26.190842534465,21,25,"Val1"
31,"Rs3",1.54088912803767,21,25,"Val1"
31,"LCT1",1.2263835470542,21,25,"Val1"
31,"LCT2",0.00905955395859474,21,25,"Val1"
31,"SumLdoc",1.2354431010128,21,25,"Val1"
31,"Rhdoc",23.369290605497,21,25,"Val1"
31,"Rhdoc2",2.48063960972952,21,25,"Val1"
31,"SumRSoil",103.838089349295,21,25,"Val1"
31,"Q2",0.598804692901829,21,25,"Val1"
31,"Q1",8.46324172835608,21,25,"Val1"
31,"GPP",352.797987963757,21,25,"Val1"
31,"T",15.9299535787421,21,25,"Val1"
31,"SumD",9.06204642125791,21,25,"Val1"
31,"NPP",3.56413792877179,21,25,"Val1"
31,"NEE",100.273951420523,21,25,"Val1"
31,"LCE/NEE",0.0123206783368062,21,25,"Val1"
31,"Cwmin",-18529.4537943409,21,25,"Val1"
31,"Cs4",621.88425529374,21,25,"Val1"
31,"Ds1",62.8899136322291,21,25,"Val1"
31,"Ds3",24.234998216155,21,25,"Val1"
31,"Ds4",22.6987753182215,21,25,"Val1"
31,"Ls1",25.1559654528916,21,25,"Val1"
31,"Ls3",0.00242349982161551,21,25,"Val1"
31,"Cs2",12.7630469065914,21,25,"Val1"
32,"Cw",1726.5207579107,21,50,"Val1"
32,"Cr",141.336504219936,21,50,"Val1"
32,"Cl",57.2178082191781,21,50,"Val1"
32,"Ccwd",2.36509519372136,21,50,"Val1"
32,"Cs1",0.869500904684511,21,50,"Val1"
32,"Cs3",72.2493996306353,21,50,"Val1"
32,"Cdoc1",1.96845227703206,21,50,"Val1"
32,"Cdoc2",0.410066087098126,21,50,"Val1"
32,"W1",8.54091561979208,21,50,"Val1"
32,"W2",4.34004350929691,21,50,"Val1"
32,"Ca",263565.95897408,21,50,"Val1"
32,"Ra",376.074913808127,21,50,"Val1"
32,"Rr",0,21,50,"Val1"
32,"Rs1",53.0386101348975,21,50,"Val1"
32,"Rs3",3.84305793235073,21,50,"Val1"
32,"LCT1",4.20326345594211,21,50,"Val1"
32,"LCT2",0.427175391645288,21,50,"Val1"
32,"SumLdoc",4.6304388475874,21,50,"Val1"
32,"Rhdoc",39.515206842544,21,50,"Val1"
32,"Rhdoc2",6.8051926741367,21,50,"Val1"
32,"SumRSoil",200.218828365881,21,50,"Val1"
32,"Q2",5.39015226579323,21,50,"Val1"
32,"Q1",18.8206519724674,21,50,"Val1"
32,"GPP",582.61455425027,21,50,"Val1"
32,"T",25.7931957617394,21,50,"Val1"
32,"SumD",24.2108042382606,21,50,"Val1"
32,"NPP",204.34726986308,21,50,"Val1"
32,"NEE",-4.12844149719913,21,50,"Val1"
32,"LCE/NEE",-1.12159488047217,21,50,"Val1"
32,"Cwmin",1715.69486460856,21,50,"Val1"
32,"Cs4",906.278026849111,21,50,"Val1"
32,"Ds1",117.426097177643,21,50,"Val1"
32,"Ds3",36.9194432112547,21,50,"Val1"
32,"Ds4",33.0791479799925,21,50,"Val1"
32,"Ls1",46.9704388710573,21,50,"Val1"
32,"Ls3",0.00369194432112547,21,50,"Val1"
32,"Cs2",26.4586492996037,21,50,"Val1"
33,"Cw",4539.82311660039,21,75,"Val1"
33,"Cr",371.345200870719,21,75,"Val1"
33,"Cl",57.2178082191781,21,75,"Val1"
33,"Ccwd",6.21893795017838,21,75,"Val1"
33,"Cs1",1.49446539975152,21,75,"Val1"
33,"Cs3",114.222350899072,21,75,"Val1"
33,"Cdoc1",2.94504927485286,21,75,"Val1"
33,"Cdoc2",0.68516793297872,21,75,"Val1"
33,"W1",8.67670416720478,21,75,"Val1"
33,"W2",5.53879612182788,21,75,"Val1"
33,"Ca",597989.666306701,21,75,"Val1"
33,"Ra",419.812979919447,21,75,"Val1"
33,"Rr",0,21,75,"Val1"
33,"Rs1",93.173071423054,21,75,"Val1"
33,"Rs3",7.9240233315312,21,75,"Val1"
33,"LCT1",9.76744746495455,21,75,"Val1"
33,"LCT2",1.30265477402392,21,75,"Val1"
33,"SumLdoc",11.0701022389785,21,75,"Val1"
33,"Rhdoc",64.1894864055527,21,75,"Val1"
33,"Rhdoc2",12.517280804232,21,75,"Val1"
33,"SumRSoil",348.762130495364,21,75,"Val1"
33,"Q2",9.93735025094867,21,75,"Val1"
33,"Q1",31.1780637715213,21,75,"Val1"
33,"GPP",784.664543397861,21,75,"Val1"
33,"T",33.88258597753,21,75,"Val1"
33,"SumD",41.1154140224699,21,75,"Val1"
33,"NPP",359.072722078365,21,75,"Val1"
33,"NEE",-10.3105915830009,21,75,"Val1"
33,"LCE/NEE",-1.07366315015617,21,75,"Val1"
33,"Cwmin",4525.74510397266,21,75,"Val1"
33,"Cs4",1381.96307348464,21,75,"Val1"
33,"Ds1",201.827552236443,21,75,"Val1"
33,"Ds3",58.3676213094256,21,75,"Val1"
33,"Ds4",50.4416521821892,21,75,"Val1"
33,"Ls1",80.7310208945771,21,75,"Val1"
33,"Ls3",0.00583676213094256,21,75,"Val1"
33,"Cs2",47.8693528767483,21,75,"Val1"
34,"Cw",6380.13099783455,21,100,"Val1"
34,"Cr",521.9746379342,21,100,"Val1"
34,"Cl",57.2178082191781,21,100,"Val1"
34,"Ccwd",8.73990630327886,21,100,"Val1"
34,"Cs1",1.91006007848729,21,100,"Val1"
34,"Cs3",140.704948194805,21,100,"Val1"
34,"Cdoc1",3.34963233135986,21,100,"Val1"
34,"Cdoc2",0.908218704010368,21,100,"Val1"
34,"W1",8.74830134171914,21,100,"Val1"
34,"W2",6.41750360832649,21,100,"Val1"
34,"Ca",1000588.24007549,21,100,"Val1"
34,"Ra",448.424223331823,21,100,"Val1"
34,"Rr",0,21,100,"Val1"
34,"Rs1",120.554636458033,21,100,"Val1"
34,"Rs3",11.2556644495593,21,100,"Val1"
34,"LCT1",17.1627024557876,21,100,"Val1"
34,"LCT2",2.28571585825108,21,100,"Val1"
34,"SumLdoc",19.4484183140387,21,100,"Val1"
34,"Rhdoc",75.7485942705057,21,100,"Val1"
34,"Rhdoc2",17.146381813732,21,100,"Val1"
34,"SumRSoil",443.377599699131,21,100,"Val1"
34,"Q2",14.2773811971423,21,100,"Val1"
34,"Q1",47.3570624497752,21,100,"Val1"
34,"GPP",918.374951585209,21,100,"Val1"
34,"T",38.3625563530825,21,100,"Val1"
34,"SumD",61.6344436469175,21,100,"Val1"
34,"NPP",461.821196276623,21,100,"Val1"
34,"NEE",-18.4435965774923,21,100,"Val1"
34,"LCE/NEE",-1.05448079133181,21,100,"Val1"
34,"Cwmin",6363.78076704554,21,100,"Val1"
34,"Cs4",1661.3720691069,21,100,"Val1"
34,"Ds1",257.953613599709,21,100,"Val1"
34,"Ds3",71.9002285275456,21,100,"Val1"
34,"Ds4",60.6400805224019,21,100,"Val1"
34,"Ls1",103.181445439884,21,100,"Val1"
34,"Ls3",0.00719002285275456,21,100,"Val1"
34,"Cs2",62.0608016532534,21,100,"Val1"
35,"Cw",9559.12296253817,21,125,"Val1"
35,"Cr",781.909880900316,21,125,"Val1"
35,"Cl",57.2178082191781,21,125,"Val1"
35,"Ccwd",13.0946935769974,21,125,"Val1"
35,"Cs1",2.62893838030636,21,125,"Val1"
35,"Cs3",189.021108948503,21,125,"Val1"
35,"Cdoc1",4.31697969903558,21,125,"Val1"
35,"Cdoc2",1.20642958978316,21,125,"Val1"
35,"W1",8.83849461457815,21,125,"Val1"
35,"W2",7.27819118244665,21,125,"Val1"
35,"Ca",1496820.53411479,21,125,"Val1"
35,"Ra",497.844761512456,21,125,"Val1"
35,"Rr",0,21,125,"Val1"
35,"Rs1",166.326990483183,21,125,"Val1"
35,"Rs3",17.6378018348654,21,125,"Val1"
35,"LCT1",26.9239001464202,21,125,"Val1"
35,"LCT2",3.20648529305057,21,125,"Val1"
35,"SumLdoc",30.1303854394708,21,125,"Val1"
35,"Rhdoc",100.251382647442,21,125,"Val1"
35,"Rhdoc2",24.2726188279824,21,125,"Val1"
35,"SumRSoil",610.645624941989,21,125,"Val1"
35,"Q2",17.7895897281406,21,125,"Val1"
35,"Q1",61.0026208361706,21,125,"Val1"
35,"GPP",1149.51454161627,21,125,"Val1"
35,"T",46.2047894356888,21,125,"Val1"
35,"SumD",78.7922105643112,21,125,"Val1"
35,"NPP",639.513910781159,21,125,"Val1"
35,"NEE",-28.8682858391702,21,125,"Val1"
35,"LCE/NEE",-1.04371924288584,21,125,"Val1"
35,"Cwmin",9539.46435986473,21,125,"Val1"
35,"Cs4",2162.80965423883,21,125,"Val1"
35,"Ds1",355.038128260373,21,125,"Val1"
35,"Ds3",96.5897866726848,21,125,"Val1"
35,"Ds4",78.9425523797173,21,125,"Val1"
35,"Ls1",142.015251304149,21,125,"Val1"
35,"Ls3",0.00965897866726848,21,125,"Val1"
35,"Cs2",86.6020442458505,21,125,"Val1"
36,"Cw",11529.3059484188,21,150,"Val1"
36,"Cr",942.989843118378,21,150,"Val1"
36,"Cl",57.2178082191781,21,150,"Val1"
36,"Ccwd",15.793577056736,21,150,"Val1"
36,"Cs1",3.07441818254329,21,150,"Val1"
36,"Cs3",217.832170236903,21,150,"Val1"
36,"Cdoc1",4.70333419185285,21,150,"Val1"
36,"Cdoc2",1.4147646766979,21,150,"Val1"
36,"W1",8.87711642945331,21,150,"Val1"
36,"W2",7.9183009458908,21,150,"Val1"
36,"Ca",1988134.31001336,21,150,"Val1"
36,"Ra",528.475085214126,21,150,"Val1"
36,"Rr",0,21,150,"Val1"
36,"Rs1",195.051311755298,21,150,"Val1"
36,"Rs3",22.2440543570806,21,150,"Val1"
36,"LCT1",37.7916655854909,21,150,"Val1"
36,"LCT2",4.23328756776597,21,150,"Val1"
36,"SumLdoc",42.0249531532568,21,150,"Val1"
36,"Rhdoc",110.136884252741,21,150,"Val1"
36,"Rhdoc2",28.8072675817448,21,150,"Val1"
36,"SumRSoil",709.120672241152,21,150,"Val1"
36,"Q2",21.7502189138084,21,150,"Val1"
36,"Q1",78.2838611225563,21,150,"Val1"
36,"GPP",1292.77184287797,21,150,"Val1"
36,"T",49.9699199636353,21,150,"Val1"
36,"SumD",100.034080036365,21,150,"Val1"
36,"NPP",749.627949143789,21,150,"Val1"
36,"NEE",-40.5072769026369,21,150,"Val1"
36,"LCE/NEE",-1.03746675577003,21,150,"Val1"
36,"Cwmin",11507.3398553292,21,150,"Val1"
36,"Cs4",2439.88602800795,21,150,"Val1"
36,"Ds1",415.200175552471,21,150,"Val1"
36,"Ds3",111.312238991058,21,150,"Val1"
36,"Ds4",89.0558400222902,21,150,"Val1"
36,"Ls1",166.080070220989,21,150,"Val1"
36,"Ls3",0.0111312238991058,21,150,"Val1"
36,"Cs2",101.810249794714,21,150,"Val1"
37,"Cw",13855.9378546669,21,175,"Val1"
37,"Cr",1133.21080620521,21,175,"Val1"
37,"Cl",57.2178082191781,21,175,"Val1"
37,"Ccwd",18.9807472558547,21,175,"Val1"
37,"Cs1",3.60049552389572,21,175,"Val1"
37,"Cs3",250.122814029267,21,175,"Val1"
37,"Cdoc1",4.95761845333524,21,175,"Val1"
37,"Cdoc2",1.7698938138066,21,175,"Val1"
37,"W1",8.95953929738102,21,175,"Val1"
37,"W2",8.86779839170905,21,175,"Val1"
37,"Ca",2590195.60041452,21,175,"Val1"
37,"Ra",564.644467485304,21,175,"Val1"
37,"Rr",0,21,175,"Val1"
37,"Rs1",229.62537098429,21,175,"Val1"
37,"Rs3",28.5325901751981,21,175,"Val1"
37,"LCT1",50.8781487734406,21,175,"Val1"
37,"LCT2",6.07184557397405,21,175,"Val1"
37,"SumLdoc",56.9499943474146,21,175,"Val1"
37,"Rhdoc",118.590109975589,21,175,"Val1"
37,"Rhdoc2",36.4591939760618,21,175,"Val1"
37,"SumRSoil",824.488421107535,21,175,"Val1"
37,"Q2",28.2641946709386,21,175,"Val1"
37,"Q1",92.5445436159733,21,175,"Val1"
37,"GPP",1461.92168822474,21,175,"Val1"
37,"T",54.189261713088,21,175,"Val1"
37,"SumD",120.808738286912,21,175,"Val1"
37,"NPP",879.664025452492,21,175,"Val1"
37,"NEE",-55.1756043449568,21,175,"Val1"
37,"LCE/NEE",-1.03215895908207,21,175,"Val1"
37,"Cwmin",13831.6256646761,21,175,"Val1"
37,"Cs4",2719.57893770376,21,175,"Val1"
37,"Ds1",486.246920502117,21,175,"Val1"
37,"Ds3",127.812757968955,21,175,"Val1"
37,"Ds4",99.2646312261871,21,175,"Val1"
37,"Ls1",194.498768200847,21,175,"Val1"
37,"Ls3",0.0127812757968955,21,175,"Val1"
37,"Cs2",119.769965673462,21,175,"Val1"
38,"Cw",15185.0329908669,21,200,"Val1"
38,"Cr",1241.86667496578,21,200,"Val1"
38,"Cl",57.2178082191781,21,200,"Val1"
38,"Ccwd",20.8014275475742,21,200,"Val1"
38,"Cs1",3.90098286444903,21,200,"Val1"
38,"Cs3",267.243587819472,21,200,"Val1"
38,"Cdoc1",4.97420597948771,21,200,"Val1"
38,"Cdoc2",1.7910658231335,21,200,"Val1"
38,"W1",8.97578774396426,21,200,"Val1"
38,"W2",9.34166468637934,21,200,"Val1"
38,"Ca",3064293.78662132,21,200,"Val1"
38,"Ra",585.31190734446,21,200,"Val1"
38,"Rr",0,21,200,"Val1"
38,"Rs1",250.019067180233,21,200,"Val1"
38,"Rs3",32.3763244994351,21,200,"Val1"
38,"LCT1",64.166081999698,21,200,"Val1"
38,"LCT2",6.46309502175037,21,200,"Val1"
38,"SumLdoc",70.6291770214484,21,200,"Val1"
38,"Rhdoc",121.122218539981,21,200,"Val1"
38,"Rhdoc2",38.0790283738138,21,200,"Val1"
38,"SumRSoil",885.338558882082,21,200,"Val1"
38,"Q2",31.7715702816824,21,200,"Val1"
38,"Q1",112.913222651912,21,200,"Val1"
38,"GPP",1558.59723245381,21,200,"Val1"
38,"T",55.3082070664054,21,200,"Val1"
38,"SumD",144.684792933595,21,200,"Val1"
38,"NPP",953.938937649486,21,200,"Val1"
38,"NEE",-68.6003787674034,21,200,"Val1"
38,"LCE/NEE",-1.02957415528162,21,200,"Val1"
38,"Cwmin",15158.5624971108,21,200,"Val1"
38,"Cs4",2853.91628755467,21,200,"Val1"
38,"Ds1",526.827735843842,21,200,"Val1"
38,"Ds3",136.56147337575,21,200,"Val1"
38,"Ds4",104.167944495745,21,200,"Val1"
38,"Ls1",210.731094337537,21,200,"Val1"
38,"Ls3",0.013656147337575,21,200,"Val1"
38,"Cs2",130.028522508408,21,200,"Val1"
39,"Cw",16126.3373404189,21,225,"Val1"
39,"Cr",1318.85974229223,21,225,"Val1"
39,"Cl",57.2178082191781,21,225,"Val1"
39,"Ccwd",22.0908860818287,21,225,"Val1"
39,"Cs1",4.11391769226856,21,225,"Val1"
39,"Cs3",280.77643809007,21,225,"Val1"
39,"Cdoc1",5.02850795757375,21,225,"Val1"
39,"Cdoc2",1.89714150891074,21,225,"Val1"
39,"W1",8.98979100002014,21,225,"Val1"
39,"W2",9.86326673669805,21,225,"Val1"
39,"Ca",3343123.86542681,21,225,"Val1"
39,"Ra",599.943431363589,21,225,"Val1"
39,"Rr",0,21,225,"Val1"
39,"Rs1",263.832206518332,21,225,"Val1"
39,"Rs3",35.2932610219834,21,225,"Val1"
39,"LCT1",73.64832955014,21,225,"Val1"
39,"LCT2",7.25078962274554,21,225,"Val1"
39,"SumLdoc",80.8991191728855,21,225,"Val1"
39,"Rhdoc",122.33765841902,21,225,"Val1"
39,"Rhdoc2",39.302307864691,21,225,"Val1"
39,"SumRSoil",927.952801225678,21,225,"Val1"
39,"Q2",35.5018750639383,21,225,"Val1"
39,"Q1",134.32801901376,21,225,"Val1"
39,"GPP",1627.03911373581,21,225,"Val1"
39,"T",55.1751059223016,21,225,"Val1"
39,"SumD",169.829894077698,21,225,"Val1"
39,"NPP",1006.57218620407,21,225,"Val1"
39,"NEE",-78.6193849783954,21,225,"Val1"
39,"LCE/NEE",-1.02899710033494,21,225,"Val1"
39,"Cwmin",16099.1030308186,21,225,"Val1"
39,"Cs4",2963.42646076956,21,225,"Val1"
39,"Ds1",555.584584340869,21,225,"Val1"
39,"Ds3",143.476759864026,21,225,"Val1"
39,"Ds4",108.165065818089,21,225,"Val1"
39,"Ls1",222.233833736348,21,225,"Val1"
39,"Ls3",0.0143476759864026,21,225,"Val1"
39,"Cs2",137.297245731086,21,225,"Val1"
40,"Cw",16973.0202574686,21,250,"Val1"
40,"Cr",1388.09021169504,21,250,"Val1"
40,"Cl",57.2178082191781,21,250,"Val1"
40,"Ccwd",23.250726693054,21,250,"Val1"
40,"Cs1",4.30538011291016,21,250,"Val1"
40,"Cs3",296.300640261899,21,250,"Val1"
40,"Cdoc1",5.1241868443509,21,250,"Val1"
40,"Cdoc2",1.66488870519341,21,250,"Val1"
40,"W1",8.96291362512194,21,250,"Val1"
40,"W2",9.8659772573454,21,250,"Val1"
40,"Ca",3634510.32094744,21,250,"Val1"
40,"Ra",613.106725293287,21,250,"Val1"
40,"Rr",0,21,250,"Val1"
40,"Rs1",275.271363868261,21,250,"Val1"
40,"Rs3",37.759780339009,21,250,"Val1"
40,"LCT1",86.3712175196316,21,250,"Val1"
40,"LCT2",6.22502481571759,21,250,"Val1"
40,"SumLdoc",92.5962423353491,21,250,"Val1"
40,"Rhdoc",125.233655847483,21,250,"Val1"
40,"Rhdoc2",36.1615657924791,21,250,"Val1"
40,"SumRSoil",963.833373711102,21,250,"Val1"
40,"Q2",35.5216339786214,21,250,"Val1"
40,"Q1",159.801094907023,21,250,"Val1"
40,"GPP",1688.61085251041,21,250,"Val1"
40,"T",54.6752711143554,21,250,"Val1"
40,"SumD",195.322728885645,21,250,"Val1"
40,"NPP",1053.89800563453,21,250,"Val1"
40,"NEE",-90.0646319234293,21,250,"Val1"
40,"LCE/NEE",-1.02810881872112,21,250,"Val1"
40,"Cwmin",16944.832410453,21,250,"Val1"
40,"Cs4",3113.15003455619,21,250,"Val1"
40,"Ds1",581.441584248517,21,250,"Val1"
40,"Ds3",151.409627173831,21,250,"Val1"
40,"Ds4",113.629976261301,21,250,"Val1"
40,"Ls1",232.576633699407,21,250,"Val1"
40,"Ls3",0.015140962717383,21,250,"Val1"
40,"Cs2",143.83344597337,21,250,"Val1"
41,"Cw",-27035.3699034564,24,25,"Val1"
41,"Cr",-31442.6149299631,24,25,"Val1"
41,"Cl",58.2534246575343,24,25,"Val1"
41,"Ccwd",4.8963279005363e-317,24,25,"Val1"
41,"Cs1",0.464247391686718,24,25,"Val1"
41,"Cs3",41.2536123218866,24,25,"Val1"
41,"Cdoc1",1.28960137475637,24,25,"Val1"
41,"Cdoc2",0.15212821028581,24,25,"Val1"
41,"W1",8.25853121630141,24,25,"Val1"
41,"W2",2.5956864096491,24,25,"Val1"
41,"Ca",76945.3915062955,24,25,"Val1"
41,"Ra",421.875445848475,24,25,"Val1"
41,"Rr",0,24,25,"Val1"
41,"Rs1",28.4156933955457,24,25,"Val1"
41,"Rs3",1.46302240718412,24,25,"Val1"
41,"LCT1",1.27332778946218,24,25,"Val1"
41,"LCT2",0.00748007330517917,24,25,"Val1"
41,"SumLdoc",1.28080786276736,24,25,"Val1"
41,"Rhdoc",23.432358374458,24,25,"Val1"
41,"Rhdoc2",2.28955552787521,24,25,"Val1"
41,"SumRSoil",103.470582996245,24,25,"Val1"
41,"Q2",0.534305310899739,24,25,"Val1"
41,"Q1",8.49600795123693,24,25,"Val1"
41,"GPP",349.877846471599,24,25,"Val1"
41,"T",15.9756867378633,24,25,"Val1"
41,"SumD",9.03031326213666,24,25,"Val1"
41,"NPP",-71.9975993768758,24,25,"Val1"
41,"NEE",NA,24,25,"Val1"
41,"LCE/NEE",0.00729937385482124,24,25,"Val1"
41,"Cwmin",-27044.6112501686,24,25,"Val1"
41,"Cs4",537.601256892336,24,25,"Val1"
41,"Ds1",62.6966102472911,24,25,"Val1"
41,"Ds3",21.080595896484,24,25,"Val1"
41,"Ds4",19.6224458765703,24,25,"Val1"
41,"Ls1",25.0786440989165,24,25,"Val1"
41,"Ls3",0.0021080595896484,24,25,"Val1"
41,"Cs2",12.7238174017841,24,25,"Val1"
42,"Cw",-1185.6696263566,24,50,"Val1"
42,"Cr",77.4323987820255,24,50,"Val1"
42,"Cl",58.2534246575343,24,50,"Val1"
42,"Ccwd",4.8963279005363e-317,24,50,"Val1"
42,"Cs1",0.703111012536138,24,50,"Val1"
42,"Cs3",52.2912583739894,24,50,"Val1"
42,"Cdoc1",1.51633293682025,24,50,"Val1"
42,"Cdoc2",0.309105812473556,24,50,"Val1"
42,"W1",8.52445686486011,24,50,"Val1"
42,"W2",4.2218775814685,24,50,"Val1"
42,"Ca",235049.762480821,24,50,"Val1"
42,"Ra",421.875445848475,24,50,"Val1"
42,"Rr",0,24,50,"Val1"
42,"Rs1",44.7446333692574,24,50,"Val1"
42,"Rs3",3.07619443973772,24,50,"Val1"
42,"LCT1",3.85285881248839,24,50,"Val1"
42,"LCT2",0.258460547117492,24,50,"Val1"
42,"SumLdoc",4.11131935960588,24,50,"Val1"
42,"Rhdoc",31.6420972319713,24,50,"Val1"
42,"Rhdoc2",5.26340951540811,24,50,"Val1"
42,"SumRSoil",154.654130064564,24,50,"Val1"
42,"Q2",4.62362929282189,24,50,"Val1"
42,"Q1",19.0101876398835,24,50,"Val1"
42,"GPP",586.296989213786,24,50,"Val1"
42,"T",26.3621830672946,24,50,"Val1"
42,"SumD",23.6338169327054,24,50,"Val1"
42,"NPP",162.995140025572,24,50,"Val1"
42,"NEE",-8.34100996100759,24,50,"Val1"
42,"LCE/NEE",-0.492904262052846,24,50,"Val1"
42,"Cwmin",-1197.20672438054,24,50,"Val1"
42,"Cs4",647.914671924085,24,50,"Val1"
42,"Ds1",94.9551422430055,24,50,"Val1"
42,"Ds3",26.7208330291086,24,50,"Val1"
42,"Ds4",23.6488855252291,24,50,"Val1"
42,"Ls1",37.9820568972022,24,50,"Val1"
42,"Ls3",0.00267208330291086,24,50,"Val1"
42,"Cs2",19.2704499732127,24,50,"Val1"
43,"Cw",3657.14380674555,24,75,"Val1"
43,"Cr",299.323910685087,24,75,"Val1"
43,"Cl",58.2534246575343,24,75,"Val1"
43,"Ccwd",5.00978367611246,24,75,"Val1"
43,"Cs1",1.30078407047361,24,75,"Val1"
43,"Cs3",91.563943683914,24,75,"Val1"
43,"Cdoc1",2.52395908627164,24,75,"Val1"
43,"Cdoc2",0.494163941436241,24,75,"Val1"
43,"W1",8.66657079311569,24,75,"Val1"
43,"W2",5.3800560278647,24,75,"Val1"
43,"Ca",462018.752430092,24,75,"Val1"
43,"Ra",488.213992373338,24,75,"Val1"
43,"Rr",0,24,75,"Val1"
43,"Rs1",83.9023155111641,24,75,"Val1"
43,"Rs3",7.08848003145985,24,75,"Val1"
43,"LCT1",7.51876828188912,24,75,"Val1"
43,"LCT2",0.93686734543909,24,75,"Val1"
43,"SumLdoc",8.45563562732821,24,75,"Val1"
43,"Rhdoc",58.5798818021004,24,75,"Val1"
43,"Rhdoc2",9.40347403268696,24,75,"Val1"
43,"SumRSoil",303.369968633041,24,75,"Val1"
43,"Q2",8.64374666329937,24,75,"Val1"
43,"Q1",31.1034488154885,24,75,"Val1"
43,"GPP",804.735771052468,24,75,"Val1"
43,"T",35.2498045212121,24,75,"Val1"
43,"SumD",39.7471954787879,24,75,"Val1"
43,"NPP",311.076638713627,24,75,"Val1"
43,"NEE",-7.70667008058592,24,75,"Val1"
43,"LCE/NEE",-1.0971840676856,24,75,"Val1"
43,"Cwmin",3644.07985911721,24,75,"Val1"
43,"Cs4",1087.7014820398,24,75,"Val1"
43,"Ds1",175.670888717462,24,75,"Val1"
43,"Ds3",46.78917522248,24,75,"Val1"
43,"Ds4",39.7011040944526,24,75,"Val1"
43,"Ls1",70.2683554869847,24,75,"Val1"
43,"Ls3",0.00467891752224801,24,75,"Val1"
43,"Cs2",41.2175460847465,24,75,"Val1"
44,"Cw",6460.19383486723,24,100,"Val1"
44,"Cr",528.365511261214,24,100,"Val1"
44,"Cl",58.2534246575343,24,100,"Val1"
44,"Ccwd",8.84958508099721,24,100,"Val1"
44,"Cs1",1.9277646985068,24,100,"Val1"
44,"Cs3",123.7494849835,24,100,"Val1"
44,"Cdoc1",3.20887424194532,24,100,"Val1"
44,"Cdoc2",0.846553604634453,24,100,"Val1"
44,"W1",8.80222198518793,24,100,"Val1"
44,"W2",6.60748764871349,24,100,"Val1"
44,"Ca",886675.055263104,24,100,"Val1"
44,"Ra",539.060591496428,24,100,"Val1"
44,"Rr",0,24,100,"Val1"
44,"Rs1",127.51948841125,24,100,"Val1"
44,"Rs3",11.9611313669448,24,100,"Val1"
44,"LCT1",14.8319887162039,24,100,"Val1"
44,"LCT2",2.12259941954034,24,100,"Val1"
44,"SumLdoc",16.9545881357443,24,100,"Val1"
44,"Rhdoc",79.1771560570914,24,100,"Val1"
44,"Rhdoc2",17.2469483357291,24,100,"Val1"
44,"SumRSoil",450.256725813656,24,100,"Val1"
44,"Q2",13.9195474498148,24,100,"Val1"
44,"Q1",43.0123515884145,24,100,"Val1"
44,"GPP",1014.88316993579,24,100,"Val1"
44,"T",43.0641009617707,24,100,"Val1"
44,"SumD",56.9318990382293,24,100,"Val1"
44,"NPP",466.197065203326,24,100,"Val1"
44,"NEE",-15.9403393896696,24,100,"Val1"
44,"LCE/NEE",-1.06362780122059,24,100,"Val1"
44,"Cwmin",6443.82349116998,24,100,"Val1"
44,"Cs4",1404.6913680403,24,100,"Val1"
44,"Ds1",260.344622533343,24,100,"Val1"
44,"Ds3",63.2359868265685,24,100,"Val1"
44,"Ds4",51.2712349334711,24,100,"Val1"
44,"Ls1",104.137849013337,24,100,"Val1"
44,"Ls3",0.00632359868265686,24,100,"Val1"
44,"Cs2",62.6679032842892,24,100,"Val1"
45,"Cw",8751.96035956554,24,125,"Val1"
45,"Cr",715.950860453736,24,125,"Val1"
45,"Cl",58.2534246575343,24,125,"Val1"
45,"Ccwd",11.9889895112589,24,125,"Val1"
45,"Cs1",2.44655960866029,24,125,"Val1"
45,"Cs3",154.396656209292,24,125,"Val1"
45,"Cdoc1",3.63237337749986,24,125,"Val1"
45,"Cdoc2",1.02549050161198,24,125,"Val1"
45,"W1",8.87186515003166,24,125,"Val1"
45,"W2",7.43912349990365,24,125,"Val1"
45,"Ca",1450452.22476021,24,125,"Val1"
45,"Ra",580.627922579608,24,125,"Val1"
45,"Rr",0,24,125,"Val1"
45,"Rs1",162.07211047598,24,125,"Val1"
45,"Rs3",16.853190183377,24,125,"Val1"
45,"LCT1",26.0149421554679,24,125,"Val1"
45,"LCT2",2.96301104438749,24,125,"Val1"
45,"SumLdoc",28.9779531998554,24,125,"Val1"
45,"Rhdoc",93.0474054153951,24,125,"Val1"
45,"Rhdoc2",21.9569686359634,24,125,"Val1"
45,"SumRSoil",566.713150419238,24,125,"Val1"
45,"Q2",18.3310859388898,24,125,"Val1"
45,"Q1",58.3470144513281,24,125,"Val1"
45,"GPP",1188.06615813229,24,125,"Val1"
45,"T",48.3238996097821,24,125,"Val1"
45,"SumD",76.6781003902179,24,125,"Val1"
45,"NPP",594.432561093505,24,125,"Val1"
45,"NEE",-27.7194106742669,24,125,"Val1"
45,"LCE/NEE",-1.04540293227651,24,125,"Val1"
45,"Cwmin",8733.37511199916,24,125,"Val1"
45,"Cs4",1699.64697886686,24,125,"Val1"
45,"Ds1",330.407875149572,24,125,"Val1"
45,"Ds3",78.8966913229481,24,125,"Val1"
45,"Ds4",62.0371147286403,24,125,"Val1"
45,"Ls1",132.163150059829,24,125,"Val1"
45,"Ls3",0.00788966913229482,24,125,"Val1"
45,"Cs2",80.374954485919,24,125,"Val1"
46,"Cw",9730.88173013703,24,150,"Val1"
46,"Cr",796.009762107184,24,150,"Val1"
46,"Cl",58.2534246575343,24,150,"Val1"
46,"Ccwd",13.329978484203,24,150,"Val1"
46,"Cs1",2.66796644052422,24,150,"Val1"
46,"Cs3",167.293735383919,24,150,"Val1"
46,"Cdoc1",3.76205259939011,24,150,"Val1"
46,"Cdoc2",1.08073562339726,24,150,"Val1"
46,"W1",8.87168232246843,24,150,"Val1"
46,"W2",7.76520733885892,24,150,"Val1"
46,"Ca",1685300.41022382,24,150,"Val1"
46,"Ra",598.388475166254,24,150,"Val1"
46,"Rr",0,24,150,"Val1"
46,"Rs1",176.824851517589,24,150,"Val1"
46,"Rs3",19.0578354600433,24,150,"Val1"
46,"LCT1",32.2412811531934,24,150,"Val1"
46,"LCT2",3.3295580206547,24,150,"Val1"
46,"SumLdoc",35.5708391738481,24,150,"Val1"
46,"Rhdoc",98.4831703891618,24,150,"Val1"
46,"Rhdoc2",23.1325277053377,24,150,"Val1"
46,"SumRSoil",615.099248075527,24,150,"Val1"
46,"Q2",20.9557218456332,24,150,"Val1"
46,"Q1",79.7454750797175,24,150,"Val1"
46,"GPP",1262.04707033708,24,150,"Val1"
46,"T",49.3018030746493,24,150,"Val1"
46,"SumD",100.701196925351,24,150,"Val1"
46,"NPP",649.16010056135,24,150,"Val1"
46,"NEE",-34.0608524858231,24,150,"Val1"
46,"LCE/NEE",-1.04433202864354,24,150,"Val1"
46,"Cwmin",9710.78930210773,24,150,"Val1"
46,"Cs4",1819.76987914726,24,150,"Val1"
46,"Ds1",360.308867792796,24,150,"Val1"
46,"Ds3",85.4870987811827,24,150,"Val1"
46,"Ds4",66.4216005888749,24,150,"Val1"
46,"Ls1",144.123547117118,24,150,"Val1"
46,"Ls3",0.00854870987811828,24,150,"Val1"
46,"Cs2",87.9331292107737,24,150,"Val1"
47,"Cw",12354.5757194145,24,175,"Val1"
47,"Cr",1010.56259189125,24,175,"Val1"
47,"Cl",58.2534246575343,24,175,"Val1"
47,"Ccwd",16.9240824288558,24,175,"Val1"
47,"Cs1",3.26133576047147,24,175,"Val1"
47,"Cs3",200.698157318674,24,175,"Val1"
47,"Cdoc1",4.21613149923101,24,175,"Val1"
47,"Cdoc2",1.46059774187099,24,175,"Val1"
47,"W1",8.94085479444645,24,175,"Val1"
47,"W2",8.73331162806584,24,175,"Val1"
47,"Ca",2207653.32814707,24,175,"Val1"
47,"Ra",645.984520471814,24,175,"Val1"
47,"Rr",0,24,175,"Val1"
47,"Rs1",216.260636645929,24,175,"Val1"
47,"Rs3",25.4755921928681,24,175,"Val1"
47,"LCT1",43.3656786903121,24,175,"Val1"
47,"LCT2",5.13276424375204,24,175,"Val1"
47,"SumLdoc",48.4984429340641,24,175,"Val1"
47,"Rhdoc",112.377735296612,24,175,"Val1"
47,"Rhdoc2",31.2774651907475,24,175,"Val1"
47,"SumRSoil",749.096004623615,24,175,"Val1"
47,"Q2",27.4180253253924,24,175,"Val1"
47,"Q1",93.3210725566648,24,175,"Val1"
47,"GPP",1460.25125818984,24,175,"Val1"
47,"T",54.2569021179428,24,175,"Val1"
47,"SumD",120.739097882057,24,175,"Val1"
47,"NPP",795.829413216074,24,175,"Val1"
47,"NEE",-46.7334085924584,24,175,"Val1"
47,"LCE/NEE",-1.0377681490558,24,175,"Val1"
47,"Cwmin",12331.1514400105,24,175,"Val1"
47,"Cs4",2111.51299714317,24,175,"Val1"
47,"Ds1",440.443394451672,24,175,"Val1"
47,"Ds3",102.556758389843,24,175,"Val1"
47,"Ds4",77.0702243957259,24,175,"Val1"
47,"Ls1",176.177357780669,24,175,"Val1"
47,"Ls3",0.0102556758389843,24,175,"Val1"
47,"Cs2",108.189291863837,24,175,"Val1"
48,"Cw",13466.8990684747,24,200,"Val1"
48,"Cr",1101.53452212673,24,200,"Val1"
48,"Cl",58.2534246575343,24,200,"Val1"
48,"Ccwd",18.4478138765412,24,200,"Val1"
48,"Cs1",3.51294562106057,24,200,"Val1"
48,"Cs3",215.84181123629,24,200,"Val1"
48,"Cdoc1",4.42240305057614,24,200,"Val1"
48,"Cdoc2",1.4119559486933,24,200,"Val1"
48,"W1",8.94393416184228,24,200,"Val1"
48,"W2",8.85624562302132,24,200,"Val1"
48,"Ca",2518184.59925019,24,200,"Val1"
48,"Ra",666.152419521706,24,200,"Val1"
48,"Rr",0,24,200,"Val1"
48,"Rs1",233.467925516115,24,200,"Val1"
48,"Rs3",27.6382118431051,24,200,"Val1"
48,"LCT1",53.4027502748556,24,200,"Val1"
48,"LCT2",5.00640597349009,24,200,"Val1"
48,"SumLdoc",58.4091562483457,24,200,"Val1"
48,"Rhdoc",118.049940041164,24,200,"Val1"
48,"Rhdoc2",30.6659411490311,24,200,"Val1"
48,"SumRSoil",801.629464479566,24,200,"Val1"
48,"Q2",28.2577506351379,24,200,"Val1"
48,"Q1",117.370179935123,24,200,"Val1"
48,"GPP",1544.18683231254,24,200,"Val1"
48,"T",54.3740694297388,24,200,"Val1"
48,"SumD",145.627930570261,24,200,"Val1"
48,"NPP",858.022061433597,24,200,"Val1"
48,"NEE",-56.3925969540302,24,200,"Val1"
48,"LCE/NEE",-1.03575929117007,24,200,"Val1"
48,"Cwmin",13443.1811411542,24,200,"Val1"
48,"Cs4",2264.2343019987,24,200,"Val1"
48,"Ds1",474.42330612423,24,200,"Val1"
48,"Ds3",110.295165541744,24,200,"Val1"
48,"Ds4",82.6445520229525,24,200,"Val1"
48,"Ls1",189.769322449692,24,200,"Val1"
48,"Ls3",0.0110295165541744,24,200,"Val1"
48,"Cs2",116.778300483149,24,200,"Val1"
49,"Cw",15962.7735730826,24,225,"Val1"
49,"Cr",1305.6115935115,24,225,"Val1"
49,"Cl",58.2534246575343,24,225,"Val1"
49,"Ccwd",21.8668230444763,24,225,"Val1"
49,"Cs1",4.0773465665171,24,225,"Val1"
49,"Cs3",247.397703749468,24,225,"Val1"
49,"Cdoc1",4.71687448703415,24,225,"Val1"
49,"Cdoc2",1.62560984314745,24,225,"Val1"
49,"W1",9.00136421223055,24,225,"Val1"
49,"W2",9.6148600038965,24,225,"Val1"
49,"Ca",3103056.74837938,24,225,"Val1"
49,"Ra",711.427716859816,24,225,"Val1"
49,"Rr",0,24,225,"Val1"
49,"Rs1",271.276017127685,24,225,"Val1"
49,"Rs3",35.0692482648514,24,225,"Val1"
49,"LCT1",68.7321727142229,24,225,"Val1"
49,"LCT2",6.1399674401944,24,225,"Val1"
49,"SumLdoc",74.8721401544173,24,225,"Val1"
49,"Rhdoc",128.682873244764,24,225,"Val1"
49,"Rhdoc2",36.8422756426084,24,225,"Val1"
49,"SumRSoil",924.931611710178,24,225,"Val1"
49,"Q2",33.6884780284445,24,225,"Val1"
49,"Q1",133.105299618093,24,225,"Val1"
49,"GPP",1732.70720145421,24,225,"Val1"
49,"T",58.2012223534628,24,225,"Val1"
49,"SumD",166.793777646537,24,225,"Val1"
49,"NPP",997.530923063176,24,225,"Val1"
49,"NEE",-72.5993113529978,24,225,"Val1"
49,"LCE/NEE",-1.03130647879521,24,225,"Val1"
49,"Cwmin",15936.152156888,24,225,"Val1"
49,"Cs4",2502.34411680973,24,225,"Val1"
49,"Ds1",550.645653808134,24,225,"Val1"
49,"Ds3",126.420226615978,24,225,"Val1"
49,"Ds4",91.3355602635551,24,225,"Val1"
49,"Ls1",220.258261523254,24,225,"Val1"
49,"Ls3",0.0126420226615978,24,225,"Val1"
49,"Cs2",136.045965205837,24,225,"Val1"
50,"Cw",17843.6248752299,24,250,"Val1"
50,"Cr",1459.40945883458,24,250,"Val1"
50,"Cl",58.2534246575343,24,250,"Val1"
50,"Ccwd",24.4433337384817,24,250,"Val1"
50,"Cs1",4.50268566591965,24,250,"Val1"
50,"Cs3",273.227763901632,24,250,"Val1"
50,"Cdoc1",4.90262444276084,24,250,"Val1"
50,"Cdoc2",1.75948505654054,24,250,"Val1"
50,"W1",9.01778559627218,24,250,"Val1"
50,"W2",9.93974558945756,24,250,"Val1"
50,"Ca",3607183.60542454,24,250,"Val1"
50,"Ra",745.550813691112,24,250,"Val1"
50,"Rr",0,24,250,"Val1"
50,"Rs1",299.03167246005,24,250,"Val1"
50,"Rs3",40.4331216037376,24,250,"Val1"
50,"LCT1",84.0468326149177,24,250,"Val1"
50,"LCT2",6.83220076571856,24,250,"Val1"
50,"SumLdoc",90.8790333806363,24,250,"Val1"
50,"Rhdoc",134.754145197002,24,250,"Val1"
50,"Rhdoc2",39.9002460897069,24,250,"Val1"
50,"SumRSoil",1014.31469207774,24,250,"Val1"
50,"Q2",36.0601428030402,24,250,"Val1"
50,"Q1",154.201175652047,24,250,"Val1"
50,"GPP",1874.82048822177,24,250,"Val1"
50,"T",59.7376815449125,24,250,"Val1"
50,"SumD",190.261318455088,24,250,"Val1"
50,"NPP",1102.66658806327,24,250,"Val1"
50,"NEE",-88.351895985528,24,250,"Val1"
50,"LCE/NEE",-1.02860309183996,24,250,"Val1"
50,"Cwmin",17814.2854611159,24,250,"Val1"
50,"Cs4",2716.94444084425,24,250,"Val1"
50,"Ds1",608.087699182448,24,250,"Val1"
50,"Ds3",139.619387353734,24,250,"Val1"
50,"Ds4",99.168472090815,24,250,"Val1"
50,"Ls1",243.235079672979,24,250,"Val1"
50,"Ls3",0.0139619387353734,24,250,"Val1"
50,"Cs2",150.566196157702,24,250,"Val1"
51,"Cw",-43727.9872364659,27,25,"Val1"
51,"Cr",-49019.0215811729,27,25,"Val1"
51,"Cl",59.0301369863014,27,25,"Val1"
51,"Ccwd",4.8963279005363e-317,27,25,"Val1"
51,"Cs1",0.45698964989021,27,25,"Val1"
51,"Cs3",33.0222239598921,27,25,"Val1"
51,"Cdoc1",1.18336611767375,27,25,"Val1"
51,"Cdoc2",0.155304725865048,27,25,"Val1"
51,"W1",8.24678460534505,27,25,"Val1"
51,"W2",2.57243813157372,27,25,"Val1"
51,"Ca",76522.0824103645,27,25,"Val1"
51,"Ra",508.150281411214,27,25,"Val1"
51,"Rr",0,27,25,"Val1"
51,"Rs1",31.0819617469995,27,25,"Val1"
51,"Rs3",1.30835607577095,27,25,"Val1"
51,"LCT1",1.26746137005821,27,25,"Val1"
51,"LCT2",0.00868896910561011,27,25,"Val1"
51,"SumLdoc",1.27615033916382,27,25,"Val1"
51,"Rhdoc",22.8677188512254,27,25,"Val1"
51,"Rhdoc2",2.44020119146231,27,25,"Val1"
51,"SumRSoil",101.841601976434,27,25,"Val1"
51,"Q2",0.593097524969263,27,25,"Val1"
51,"Q1",8.544859064655,27,25,"Val1"
51,"GPP",336.411907161672,27,25,"Val1"
51,"T",15.8650434103757,27,25,"Val1"
51,"SumD",9.13795658962427,27,25,"Val1"
51,"NPP",-171.738374249542,27,25,"Val1"
51,"NEE",NA,27,25,"Val1"
51,"LCE/NEE",0.00466463356261763,27,25,"Val1"
51,"Cwmin",-43741.8835110632,27,25,"Val1"
51,"Cs4",426.610453467533,27,25,"Val1"
51,"Ds1",61.7164522176731,27,25,"Val1"
51,"Ds3",16.8743564435048,27,25,"Val1"
51,"Ds4",15.5712815515649,27,25,"Val1"
51,"Ls1",24.6865808870693,27,25,"Val1"
51,"Ls3",0.00168743564435049,27,25,"Val1"
51,"Cs2",12.5249015155095,27,25,"Val1"
52,"Cw",-12670.8349984479,27,50,"Val1"
52,"Cr",-7983.22496493282,27,50,"Val1"
52,"Cl",59.0301369863014,27,50,"Val1"
52,"Ccwd",4.8963279005363e-317,27,50,"Val1"
52,"Cs1",0.503128293576422,27,50,"Val1"
52,"Cs3",32.4120763750714,27,50,"Val1"
52,"Cdoc1",1.12939844555216,27,50,"Val1"
52,"Cdoc2",0.219270818468534,27,50,"Val1"
52,"W1",8.5352432261874,27,50,"Val1"
52,"W2",4.15041564017056,27,50,"Val1"
52,"Ca",149183.560749199,27,50,"Val1"
52,"Ra",508.150281411214,27,50,"Val1"
52,"Rr",0,27,50,"Val1"
52,"Rs1",35.0575733000142,27,50,"Val1"
52,"Rs3",2.12673674294809,27,50,"Val1"
52,"LCT1",2.3305707348205,27,50,"Val1"
52,"LCT2",0.188916645037081,27,50,"Val1"
52,"SumLdoc",2.51948737985758,27,50,"Val1"
52,"Rhdoc",23.3525324651971,27,50,"Val1"
52,"Rhdoc2",3.6205795256463,27,50,"Val1"
52,"SumRSoil",111.233341199649,27,50,"Val1"
52,"Q2",4.49549694800177,27,50,"Val1"
52,"Q1",18.8645788498736,27,50,"Val1"
52,"GPP",576.213380682959,27,50,"Val1"
52,"T",26.6419242021246,27,50,"Val1"
52,"SumD",23.3600757978754,27,50,"Val1"
52,"NPP",68.0630992717449,27,50,"Val1"
52,"NEE",43.1702419279037,27,50,"Val1"
52,"LCE/NEE",0.058361669227271,27,50,"Val1"
52,"Cwmin",-12678.3568367821,27,50,"Val1"
52,"Cs4",395.649128619829,27,50,"Val1"
52,"Ds1",67.9474760474958,27,50,"Val1"
52,"Ds3",16.5625710276615,27,50,"Val1"
52,"Ds4",14.4411931946237,27,50,"Val1"
52,"Ls1",27.1789904189983,27,50,"Val1"
52,"Ls3",0.00165625710276615,27,50,"Val1"
52,"Cs2",13.7894421202427,27,50,"Val1"
53,"Cw",2268.85568789192,27,75,"Val1"
53,"Cr",185.736551947562,27,75,"Val1"
53,"Cl",59.0301369863014,27,75,"Val1"
53,"Ccwd",3.1080191343601,27,75,"Val1"
53,"Cs1",1.00260322816964,27,75,"Val1"
53,"Cs3",60.7885803269494,27,75,"Val1"
53,"Cdoc1",1.85172573752894,27,75,"Val1"
53,"Cdoc2",0.389527567181368,27,75,"Val1"
53,"W1",8.70996761839,27,75,"Val1"
53,"W2",5.44232354973711,27,75,"Val1"
53,"Ca",342625.861754542,27,75,"Val1"
53,"Ra",556.34739432514,27,75,"Val1"
53,"Rr",0,27,75,"Val1"
53,"Rs1",68.538479109491,27,75,"Val1"
53,"Rs3",5.42010405513789,27,75,"Val1"
53,"LCT1",5.39007796086976,27,75,"Val1"
53,"LCT2",0.747182809366968,27,75,"Val1"
53,"SumLdoc",6.13726077023672,27,75,"Val1"
53,"Rhdoc",45.3884593154975,27,75,"Val1"
53,"Rhdoc2",7.45248377054465,27,75,"Val1"
53,"SumRSoil",231.632386253267,27,75,"Val1"
53,"Q2",8.94376730623781,27,75,"Val1"
53,"Q1",30.0836857589728,27,75,"Val1"
53,"GPP",797.354725069027,27,75,"Val1"
53,"T",35.9715469347894,27,75,"Val1"
53,"SumD",39.0274530652106,27,75,"Val1"
53,"NPP",237.019614985137,27,75,"Val1"
53,"NEE",-5.38722873187086,27,75,"Val1"
53,"LCE/NEE",-1.13922409381444,27,75,"Val1"
53,"Cwmin",2256.99127682412,27,75,"Val1"
53,"Cs4",702.625704263353,27,75,"Val1"
53,"Ds1",135.40156596431,27,75,"Val1"
53,"Ds3",31.0629645470711,27,75,"Val1"
53,"Ds4",25.6458382056124,27,75,"Val1"
53,"Ls1",54.1606263857242,27,75,"Val1"
53,"Ls3",0.00310629645470711,27,75,"Val1"
53,"Cs2",30.9321111788484,27,75,"Val1"
54,"Cw",4715.00814650154,27,100,"Val1"
54,"Cr",385.778041878271,27,100,"Val1"
54,"Cl",59.0301369863014,27,100,"Val1"
54,"Ccwd",6.45891516276107,27,100,"Val1"
54,"Cs1",1.54295326741708,27,100,"Val1"
54,"Cs3",90.9928705836571,27,100,"Val1"
54,"Cdoc1",2.46169273553416,27,100,"Val1"
54,"Cdoc2",0.627957129641621,27,100,"Val1"
54,"W1",8.79447284210179,27,100,"Val1"
54,"W2",6.46977432151198,27,100,"Val1"
54,"Ca",689332.072818436,27,100,"Val1"
54,"Ra",608.303735365803,27,100,"Val1"
54,"Rr",0,27,100,"Val1"
54,"Rs1",104.930579921062,27,100,"Val1"
54,"Rs3",9.72539114420688,27,100,"Val1"
54,"LCT1",11.4808254282104,27,100,"Val1"
54,"LCT2",1.59553890327305,27,100,"Val1"
54,"SumLdoc",13.0763643314834,27,100,"Val1"
54,"Rhdoc",64.8037248302233,27,100,"Val1"
54,"Rhdoc2",12.9745968111275,27,100,"Val1"
54,"SumRSoil",358.796038210694,27,100,"Val1"
54,"Q2",13.2144616438569,27,100,"Val1"
54,"Q1",43.9442953284511,27,100,"Val1"
54,"GPP",987.404230663177,27,100,"Val1"
54,"T",42.842243027692,27,100,"Val1"
54,"SumD",57.158756972308,27,100,"Val1"
54,"NPP",370.868379240255,27,100,"Val1"
54,"NEE",-12.0723410295611,27,100,"Val1"
54,"LCE/NEE",-1.08316724150385,27,100,"Val1"
54,"Cwmin",4700.72486895008,27,100,"Val1"
54,"Cs4",1007.44116194879,27,100,"Val1"
54,"Ds1",208.375838764677,27,100,"Val1"
54,"Ds3",46.4973568682488,27,100,"Val1"
54,"Ds4",36.7716024111307,27,100,"Val1"
54,"Ls1",83.3503355058709,27,100,"Val1"
54,"Ls3",0.00464973568682488,27,100,"Val1"
54,"Cs2",49.4649212783458,27,100,"Val1"
55,"Cw",6268.94527790856,27,125,"Val1"
55,"Cr",512.792717459919,27,125,"Val1"
55,"Cl",59.0301369863014,27,125,"Val1"
55,"Ccwd",8.58759904129841,27,125,"Val1"
55,"Cs1",1.88726472748964,27,125,"Val1"
55,"Cs3",110.057074180071,27,125,"Val1"
55,"Cdoc1",2.75071288732244,27,125,"Val1"
55,"Cdoc2",0.749006511484605,27,125,"Val1"
55,"W1",8.82482361165796,27,125,"Val1"
55,"W2",7.21099086664325,27,125,"Val1"
55,"Ca",995058.776432961,27,125,"Val1"
55,"Ra",641.314091827435,27,125,"Val1"
55,"Rr",0,27,125,"Val1"
55,"Rs1",128.036641186528,27,125,"Val1"
55,"Rs3",13.168430976105,27,125,"Val1"
55,"LCT1",17.6209904179123,27,125,"Val1"
55,"LCT2",2.28505299589903,27,125,"Val1"
55,"SumLdoc",19.9060434138114,27,125,"Val1"
55,"Rhdoc",75.6287642698023,27,125,"Val1"
55,"Rhdoc2",15.7213335896879,27,125,"Val1"
55,"SumRSoil",437.483599495691,27,125,"Val1"
55,"Q2",17.429293435971,27,125,"Val1"
55,"Q1",61.1658784974262,27,125,"Val1"
55,"GPP",1108.41840581194,27,125,"Val1"
55,"T",46.4068280666028,27,125,"Val1"
55,"SumD",78.5951719333972,27,125,"Val1"
55,"NPP",456.129428077061,27,125,"Val1"
55,"NEE",-18.6458285813696,27,125,"Val1"
55,"LCE/NEE",-1.06758695795911,27,125,"Val1"
55,"Cwmin",6252.55231369227,27,125,"Val1"
55,"Cs4",1179.95042171697,27,125,"Val1"
55,"Ds1",254.875101447476,27,125,"Val1"
55,"Ds3",56.2391649060161,27,125,"Val1"
55,"Ds4",43.0681903926694,27,125,"Val1"
55,"Ls1",101.95004057899,27,125,"Val1"
55,"Ls3",0.00562391649060161,27,125,"Val1"
55,"Cs2",61.2668083149488,27,125,"Val1"
56,"Cw",8400.34729275741,27,150,"Val1"
56,"Cr",687.223346308791,27,150,"Val1"
56,"Cl",59.0301369863014,27,150,"Val1"
56,"Ccwd",11.5073268398644,27,150,"Val1"
56,"Cs1",2.36774050778304,27,150,"Val1"
56,"Cs3",135.519922613277,27,150,"Val1"
56,"Cdoc1",3.10771982540814,27,150,"Val1"
56,"Cdoc2",0.843015878933356,27,150,"Val1"
56,"W1",8.87658069788664,27,150,"Val1"
56,"W2",7.60724627911414,27,150,"Val1"
56,"Ca",1535104.35846056,27,150,"Val1"
56,"Ra",686.588935225662,27,150,"Val1"
56,"Rr",0,27,150,"Val1"
56,"Rs1",161.145831138629,27,150,"Val1"
56,"Rs3",17.5496451699076,27,150,"Val1"
56,"LCT1",29.4012705692813,27,150,"Val1"
56,"LCT2",2.58226259247706,27,150,"Val1"
56,"SumLdoc",31.9835331617584,27,150,"Val1"
56,"Rhdoc",88.4386848397071,27,150,"Val1"
56,"Rhdoc2",19.1971305233387,27,150,"Val1"
56,"SumRSoil",544.4591958051,27,150,"Val1"
56,"Q2",19.5893422896181,27,150,"Val1"
56,"Q1",79.3700989611444,27,150,"Val1"
56,"GPP",1276.23502816043,27,150,"Val1"
56,"T",51.0395587492376,27,150,"Val1"
56,"SumD",98.9594412507624,27,150,"Val1"
56,"NPP",574.936074121842,27,150,"Val1"
56,"NEE",-30.476878316742,27,150,"Val1"
56,"LCE/NEE",-1.04943599634313,27,150,"Val1"
56,"Cwmin",8381.36340812052,27,150,"Val1"
56,"Cs4",1416.33422484613,27,150,"Val1"
56,"Ds1",319.7633555761,27,150,"Val1"
56,"Ds3",69.2506804553847,27,150,"Val1"
56,"Ds4",51.6961992068838,27,150,"Val1"
56,"Ls1",127.90534223044,27,150,"Val1"
56,"Ls3",0.00692506804553847,27,150,"Val1"
56,"Cs2",77.6795463700277,27,150,"Val1"
57,"Cw",10789.0288379466,27,175,"Val1"
57,"Cr",882.594857149632,27,175,"Val1"
57,"Cl",59.0301369863014,27,175,"Val1"
57,"Ccwd",14.7794948529695,27,175,"Val1"
57,"Cs1",2.90765119710874,27,175,"Val1"
57,"Cs3",164.961653412231,27,175,"Val1"
57,"Cdoc1",3.67908447773572,27,175,"Val1"
57,"Cdoc2",1.17393914601927,27,175,"Val1"
57,"W1",8.94980230943236,27,175,"Val1"
57,"W2",8.5328382005087,27,175,"Val1"
57,"Ca",1799230.27821859,27,175,"Val1"
57,"Ra",737.324151791827,27,175,"Val1"
57,"Rr",0,27,175,"Val1"
57,"Rs1",197.484986271491,27,175,"Val1"
57,"Rs3",23.4796856970411,27,175,"Val1"
57,"LCT1",35.076097868678,27,175,"Val1"
57,"LCT2",4.14338181677085,27,175,"Val1"
57,"SumLdoc",39.2194796854489,27,175,"Val1"
57,"Rhdoc",105.970474900008,27,175,"Val1"
57,"Rhdoc2",26.2690578259696,27,175,"Val1"
57,"SumRSoil",670.940253630914,27,175,"Val1"
57,"Q2",26.0041600379889,27,175,"Val1"
57,"Q1",93.4780815197861,27,175,"Val1"
57,"GPP",1464.57215003693,27,175,"Val1"
57,"T",55.5217584422249,27,175,"Val1"
57,"SumD",119.482241557775,27,175,"Val1"
57,"NPP",708.400481720073,27,175,"Val1"
57,"NEE",-37.4602280891589,27,175,"Val1"
57,"LCE/NEE",-1.04696318431652,27,175,"Val1"
57,"Cwmin",10767.9809651673,27,175,"Val1"
57,"Cs4",1665.97363361227,27,175,"Val1"
57,"Ds1",392.678294169536,27,175,"Val1"
57,"Ds3",84.2954048936503,27,175,"Val1"
57,"Ds4",60.8080376268477,27,175,"Val1"
57,"Ls1",157.071317667814,27,175,"Val1"
57,"Ls3",0.00842954048936503,27,175,"Val1"
57,"Cs2",96.1128399318538,27,175,"Val1"
58,"Cw",11886.5704496364,27,200,"Val1"
58,"Cr",972.354947481727,27,200,"Val1"
58,"Cl",59.0301369863014,27,200,"Val1"
58,"Ccwd",16.2829774005313,27,200,"Val1"
58,"Cs1",3.15588428896456,27,200,"Val1"
58,"Cs3",178.455728049293,27,200,"Val1"
58,"Cdoc1",3.62335706398138,27,200,"Val1"
58,"Cdoc2",1.20647239652125,27,200,"Val1"
58,"W1",8.94578075433436,27,200,"Val1"
58,"W2",8.71696548792192,27,200,"Val1"
58,"Ca",2271818.79981733,27,200,"Val1"
58,"Ra",760.631445220676,27,200,"Val1"
58,"Rr",0,27,200,"Val1"
58,"Rs1",214.22377029132,27,200,"Val1"
58,"Rs3",26.1878999028185,27,200,"Val1"
58,"LCT1",47.9548207773087,27,200,"Val1"
58,"LCT2",4.34257113488303,27,200,"Val1"
58,"SumLdoc",52.2973919121917,27,200,"Val1"
58,"Rhdoc",106.73588341274,27,200,"Val1"
58,"Rhdoc2",27.199476589421,27,200,"Val1"
58,"SumRSoil",719.472581572774,27,200,"Val1"
58,"Q2",27.13384806183,27,200,"Val1"
58,"Q1",116.60713561165,27,200,"Val1"
58,"GPP",1551.10999186997,27,200,"Val1"
58,"T",56.2650163265197,27,200,"Val1"
58,"SumD",143.74098367348,27,200,"Val1"
58,"NPP",769.75903432846,27,200,"Val1"
58,"NEE",-50.2864527556864,27,200,"Val1"
58,"LCE/NEE",-1.03998968004912,27,200,"Val1"
58,"Cwmin",11864.7287017748,27,200,"Val1"
58,"Cs4",1780.65731795236,27,200,"Val1"
58,"Ds1",426.202173224664,27,200,"Val1"
58,"Ds3",91.1908770331887,27,200,"Val1"
58,"Ds4",64.9939921052613,27,200,"Val1"
58,"Ls1",170.480869289865,27,200,"Val1"
58,"Ls3",0.00911908770331886,27,200,"Val1"
58,"Cs2",104.5868010437,27,200,"Val1"
59,"Cw",13704.2560358901,27,225,"Val1"
59,"Cr",1121.01251039314,27,225,"Val1"
59,"Cl",59.0301369863014,27,225,"Val1"
59,"Ccwd",18.7729590791203,27,225,"Val1"
59,"Cs1",3.5670385627338,27,225,"Val1"
59,"Cs3",199.526434812588,27,225,"Val1"
59,"Cdoc1",3.84225374994819,27,225,"Val1"
59,"Cdoc2",1.26534024959992,27,225,"Val1"
59,"W1",8.97813289162428,27,225,"Val1"
59,"W2",9.22791287987,27,225,"Val1"
59,"Ca",2660742.11782949,27,225,"Val1"
59,"Ra",799.249701597334,27,225,"Val1"
59,"Rr",0,27,225,"Val1"
59,"Rs1",242.692171240864,27,225,"Val1"
59,"Rs3",30.8605249875143,27,225,"Val1"
59,"LCT1",59.4191514281985,27,225,"Val1"
59,"LCT2",4.75085625522823,27,225,"Val1"
59,"SumLdoc",64.1700076834267,27,225,"Val1"
59,"Rhdoc",116.683611085139,27,225,"Val1"
59,"Rhdoc2",29.6849638809817,27,225,"Val1"
59,"SumRSoil",809.481412527907,27,225,"Val1"
59,"Q2",30.885259975328,27,225,"Val1"
59,"Q1",135.902152479773,27,225,"Val1"
59,"GPP",1694.60745593569,27,225,"Val1"
59,"T",58.2145875448996,27,225,"Val1"
59,"SumD",166.787412455101,27,225,"Val1"
59,"NPP",871.387769881004,27,225,"Val1"
59,"NEE",-61.9063573530973,27,225,"Val1"
59,"LCE/NEE",-1.03656571678767,27,225,"Val1"
59,"Cwmin",13679.6922995767,27,225,"Val1"
59,"Cs4",1947.57575660524,27,225,"Val1"
59,"Ds1",481.7285578972,27,225,"Val1"
59,"Ds3",101.958008189233,27,225,"Val1"
59,"Ds4",71.0865151160912,27,225,"Val1"
59,"Ls1",192.69142315888,27,225,"Val1"
59,"Ls3",0.0101958008189233,27,225,"Val1"
59,"Cs2",118.622119187664,27,225,"Val1"
60,"Cw",15305.742945721,27,250,"Val1"
60,"Cr",1251.97675735106,27,250,"Val1"
60,"Cl",59.0301369863014,27,250,"Val1"
60,"Ccwd",20.9667782865079,27,250,"Val1"
60,"Cs1",3.92925555799133,27,250,"Val1"
60,"Cs3",214.705061720655,27,250,"Val1"
60,"Cdoc1",4.00739394733333,27,250,"Val1"
60,"Cdoc2",1.47368216664274,27,250,"Val1"
60,"W1",9.0101584963897,27,250,"Val1"
60,"W2",9.89537744471565,27,250,"Val1"
60,"Ca",2968408.67627765,27,250,"Val1"
60,"Ra",833.274485672715,27,250,"Val1"
60,"Rr",0,27,250,"Val1"
60,"Rs1",268.372481155867,27,250,"Val1"
60,"Rs3",35.8479373916402,27,250,"Val1"
60,"LCT1",68.4616424903426,27,250,"Val1"
60,"LCT2",5.91004983162921,27,250,"Val1"
60,"SumLdoc",74.3716923219718,27,250,"Val1"
60,"Rhdoc",123.537784435812,27,250,"Val1"
60,"Rhdoc2",34.0715944962912,27,250,"Val1"
60,"SumRSoil",889.065499848426,27,250,"Val1"
60,"Q2",35.7379614547603,27,250,"Val1"
60,"Q1",154.941823746541,27,250,"Val1"
60,"GPP",1821.03224884869,27,250,"Val1"
60,"T",59.3212147986983,27,250,"Val1"
60,"SumD",190.679785201302,27,250,"Val1"
60,"NPP",960.920290107203,27,250,"Val1"
60,"NEE",-71.8547902587767,27,250,"Val1"
60,"LCE/NEE",-1.03502761686633,27,250,"Val1"
60,"Cwmin",15278.9297943758,27,250,"Val1"
60,"Cs4",2023.39598274412,27,250,"Val1"
60,"Ds1",530.64596310673,27,250,"Val1"
60,"Ds3",109.714286539254,27,250,"Val1"
60,"Ds4",73.8539533701602,27,250,"Val1"
60,"Ls1",212.258385242691,27,250,"Val1"
60,"Ls3",0.0109714286539254,27,250,"Val1"
60,"Cs2",130.987123932048,27,250,"Val1"
